"year","fips_state","state_code","state_name","population"
1970,"01","AL","Alabama",3444354
1971,"01","AL","Alabama",3497076
1972,"01","AL","Alabama",3539400
1973,"01","AL","Alabama",3579780
1974,"01","AL","Alabama",3626499
1975,"01","AL","Alabama",3678814
1976,"01","AL","Alabama",3735139
1977,"01","AL","Alabama",3780403
1978,"01","AL","Alabama",3831836
1979,"01","AL","Alabama",3866248
1980,"01","AL","Alabama",3893888
1981,"01","AL","Alabama",3918531
1982,"01","AL","Alabama",3925266
1983,"01","AL","Alabama",3934102
1984,"01","AL","Alabama",3951820
1985,"01","AL","Alabama",3972523
1986,"01","AL","Alabama",3991569
1987,"01","AL","Alabama",4015264
1988,"01","AL","Alabama",4023844
1989,"01","AL","Alabama",4030222
1990,"01","AL","Alabama",4050055
1991,"01","AL","Alabama",4099156
1992,"01","AL","Alabama",4154014
1993,"01","AL","Alabama",4214202
1994,"01","AL","Alabama",4260229
1995,"01","AL","Alabama",4296800
1996,"01","AL","Alabama",4331102
1997,"01","AL","Alabama",4367935
1998,"01","AL","Alabama",4404701
1999,"01","AL","Alabama",4430141
2000,"01","AL","Alabama",4452173
2001,"01","AL","Alabama",4467634
2002,"01","AL","Alabama",4480089
2003,"01","AL","Alabama",4503491
2004,"01","AL","Alabama",4530729
2005,"01","AL","Alabama",4569805
2006,"01","AL","Alabama",4628981
2007,"01","AL","Alabama",4672840
2008,"01","AL","Alabama",4718206
2009,"01","AL","Alabama",4757938
2010,"01","AL","Alabama",4785437
2011,"01","AL","Alabama",4799069
2012,"01","AL","Alabama",4815588
2013,"01","AL","Alabama",4830081
2014,"01","AL","Alabama",4841799
2015,"01","AL","Alabama",4852347
2016,"01","AL","Alabama",4863525
2017,"01","AL","Alabama",4874486
2018,"01","AL","Alabama",4887681
2019,"01","AL","Alabama",4903185
2020,"01","AL","Alabama",5031362
2021,"01","AL","Alabama",5049846
2022,"01","AL","Alabama",5074296
1970,"02","AK","Alaska",302583
1971,"02","AK","Alaska",315510
1972,"02","AK","Alaska",324464
1973,"02","AK","Alaska",330543
1974,"02","AK","Alaska",341063
1975,"02","AK","Alaska",376170
1976,"02","AK","Alaska",400969
1977,"02","AK","Alaska",403436
1978,"02","AK","Alaska",404766
1979,"02","AK","Alaska",402753
1980,"02","AK","Alaska",401851
1981,"02","AK","Alaska",418491
1982,"02","AK","Alaska",449606
1983,"02","AK","Alaska",488417
1984,"02","AK","Alaska",513702
1985,"02","AK","Alaska",532495
1986,"02","AK","Alaska",544268
1987,"02","AK","Alaska",539309
1988,"02","AK","Alaska",541983
1989,"02","AK","Alaska",547159
1990,"02","AK","Alaska",553290
1991,"02","AK","Alaska",570193
1992,"02","AK","Alaska",588736
1993,"02","AK","Alaska",599432
1994,"02","AK","Alaska",603308
1995,"02","AK","Alaska",604412
1996,"02","AK","Alaska",608569
1997,"02","AK","Alaska",612968
1998,"02","AK","Alaska",619932
1999,"02","AK","Alaska",624779
2000,"02","AK","Alaska",627963
2001,"02","AK","Alaska",633714
2002,"02","AK","Alaska",642337
2003,"02","AK","Alaska",648414
2004,"02","AK","Alaska",659286
2005,"02","AK","Alaska",666946
2006,"02","AK","Alaska",675302
2007,"02","AK","Alaska",680300
2008,"02","AK","Alaska",687455
2009,"02","AK","Alaska",698895
2010,"02","AK","Alaska",713910
2011,"02","AK","Alaska",722128
2012,"02","AK","Alaska",730443
2013,"02","AK","Alaska",737068
2014,"02","AK","Alaska",736283
2015,"02","AK","Alaska",737498
2016,"02","AK","Alaska",741456
2017,"02","AK","Alaska",739700
2018,"02","AK","Alaska",735139
2019,"02","AK","Alaska",731545
2020,"02","AK","Alaska",732923
2021,"02","AK","Alaska",734182
2022,"02","AK","Alaska",733583
1970,"04","AZ","Arizona",1775399
1971,"04","AZ","Arizona",1895814
1972,"04","AZ","Arizona",2008291
1973,"04","AZ","Arizona",2124438
1974,"04","AZ","Arizona",2223196
1975,"04","AZ","Arizona",2284847
1976,"04","AZ","Arizona",2346157
1977,"04","AZ","Arizona",2425197
1978,"04","AZ","Arizona",2515316
1979,"04","AZ","Arizona",2635571
1980,"04","AZ","Arizona",2718215
1981,"04","AZ","Arizona",2810107
1982,"04","AZ","Arizona",2889861
1983,"04","AZ","Arizona",2968925
1984,"04","AZ","Arizona",3067135
1985,"04","AZ","Arizona",3183538
1986,"04","AZ","Arizona",3308262
1987,"04","AZ","Arizona",3437103
1988,"04","AZ","Arizona",3535183
1989,"04","AZ","Arizona",3622185
1990,"04","AZ","Arizona",3684097
1991,"04","AZ","Arizona",3788576
1992,"04","AZ","Arizona",3915740
1993,"04","AZ","Arizona",4065440
1994,"04","AZ","Arizona",4245089
1995,"04","AZ","Arizona",4432499
1996,"04","AZ","Arizona",4586940
1997,"04","AZ","Arizona",4736990
1998,"04","AZ","Arizona",4883342
1999,"04","AZ","Arizona",5023823
2000,"04","AZ","Arizona",5160586
2001,"04","AZ","Arizona",5273477
2002,"04","AZ","Arizona",5396255
2003,"04","AZ","Arizona",5510364
2004,"04","AZ","Arizona",5652404
2005,"04","AZ","Arizona",5839077
2006,"04","AZ","Arizona",6029141
2007,"04","AZ","Arizona",6167681
2008,"04","AZ","Arizona",6280362
2009,"04","AZ","Arizona",6343154
2010,"04","AZ","Arizona",6407172
2011,"04","AZ","Arizona",6472643
2012,"04","AZ","Arizona",6554978
2013,"04","AZ","Arizona",6632764
2014,"04","AZ","Arizona",6730413
2015,"04","AZ","Arizona",6829676
2016,"04","AZ","Arizona",6941072
2017,"04","AZ","Arizona",7044008
2018,"04","AZ","Arizona",7158024
2019,"04","AZ","Arizona",7278717
2020,"04","AZ","Arizona",7179943
2021,"04","AZ","Arizona",7264877
2022,"04","AZ","Arizona",7359197
1970,"05","AR","Arkansas",1923322
1971,"05","AR","Arkansas",1972312
1972,"05","AR","Arkansas",2018638
1973,"05","AR","Arkansas",2059256
1974,"05","AR","Arkansas",2101403
1975,"05","AR","Arkansas",2159526
1976,"05","AR","Arkansas",2170161
1977,"05","AR","Arkansas",2209010
1978,"05","AR","Arkansas",2243127
1979,"05","AR","Arkansas",2271333
1980,"05","AR","Arkansas",2286435
1981,"05","AR","Arkansas",2293201
1982,"05","AR","Arkansas",2294257
1983,"05","AR","Arkansas",2305761
1984,"05","AR","Arkansas",2319768
1985,"05","AR","Arkansas",2327046
1986,"05","AR","Arkansas",2331984
1987,"05","AR","Arkansas",2342355
1988,"05","AR","Arkansas",2342656
1989,"05","AR","Arkansas",2346358
1990,"05","AR","Arkansas",2356586
1991,"05","AR","Arkansas",2383144
1992,"05","AR","Arkansas",2415984
1993,"05","AR","Arkansas",2456303
1994,"05","AR","Arkansas",2494019
1995,"05","AR","Arkansas",2535399
1996,"05","AR","Arkansas",2572109
1997,"05","AR","Arkansas",2601090
1998,"05","AR","Arkansas",2626289
1999,"05","AR","Arkansas",2651860
2000,"05","AR","Arkansas",2678588
2001,"05","AR","Arkansas",2691571
2002,"05","AR","Arkansas",2705927
2003,"05","AR","Arkansas",2724816
2004,"05","AR","Arkansas",2749686
2005,"05","AR","Arkansas",2781097
2006,"05","AR","Arkansas",2821761
2007,"05","AR","Arkansas",2848650
2008,"05","AR","Arkansas",2874554
2009,"05","AR","Arkansas",2896843
2010,"05","AR","Arkansas",2921964
2011,"05","AR","Arkansas",2940667
2012,"05","AR","Arkansas",2952164
2013,"05","AR","Arkansas",2959400
2014,"05","AR","Arkansas",2967392
2015,"05","AR","Arkansas",2978048
2016,"05","AR","Arkansas",2989918
2017,"05","AR","Arkansas",3001345
2018,"05","AR","Arkansas",3009733
2019,"05","AR","Arkansas",3017804
2020,"05","AR","Arkansas",3014195
2021,"05","AR","Arkansas",3028122
2022,"05","AR","Arkansas",3045637
1970,"06","CA","California",19971069
1971,"06","CA","California",20345939
1972,"06","CA","California",20585469
1973,"06","CA","California",20868728
1974,"06","CA","California",21173865
1975,"06","CA","California",21537849
1976,"06","CA","California",21935909
1977,"06","CA","California",22352396
1978,"06","CA","California",22835958
1979,"06","CA","California",23256880
1980,"06","CA","California",23667902
1981,"06","CA","California",24285933
1982,"06","CA","California",24820009
1983,"06","CA","California",25360026
1984,"06","CA","California",25844393
1985,"06","CA","California",26441109
1986,"06","CA","California",27102237
1987,"06","CA","California",27777158
1988,"06","CA","California",28464249
1989,"06","CA","California",29218164
1990,"06","CA","California",29959515
1991,"06","CA","California",30470736
1992,"06","CA","California",30974659
1993,"06","CA","California",31274928
1994,"06","CA","California",31484435
1995,"06","CA","California",31696582
1996,"06","CA","California",32018834
1997,"06","CA","California",32486010
1998,"06","CA","California",32987675
1999,"06","CA","California",33499204
2000,"06","CA","California",33987977
2001,"06","CA","California",34479458
2002,"06","CA","California",34871843
2003,"06","CA","California",35253159
2004,"06","CA","California",35574576
2005,"06","CA","California",35827943
2006,"06","CA","California",36021202
2007,"06","CA","California",36250311
2008,"06","CA","California",36604337
2009,"06","CA","California",36961229
2010,"06","CA","California",37319502
2011,"06","CA","California",37638369
2012,"06","CA","California",37948800
2013,"06","CA","California",38260787
2014,"06","CA","California",38596972
2015,"06","CA","California",38918045
2016,"06","CA","California",39167117
2017,"06","CA","California",39358497
2018,"06","CA","California",39461588
2019,"06","CA","California",39512223
2020,"06","CA","California",39501653
2021,"06","CA","California",39142991
2022,"06","CA","California",39029342
1970,"08","CO","Colorado",2209596
1971,"08","CO","Colorado",2303524
1972,"08","CO","Colorado",2404619
1973,"08","CO","Colorado",2495868
1974,"08","CO","Colorado",2541406
1975,"08","CO","Colorado",2586192
1976,"08","CO","Colorado",2632306
1977,"08","CO","Colorado",2696140
1978,"08","CO","Colorado",2766748
1979,"08","CO","Colorado",2849234
1980,"08","CO","Colorado",2889964
1981,"08","CO","Colorado",2977898
1982,"08","CO","Colorado",3061564
1983,"08","CO","Colorado",3133630
1984,"08","CO","Colorado",3169992
1985,"08","CO","Colorado",3208723
1986,"08","CO","Colorado",3237450
1987,"08","CO","Colorado",3260480
1988,"08","CO","Colorado",3262281
1989,"08","CO","Colorado",3275818
1990,"08","CO","Colorado",3307618
1991,"08","CO","Colorado",3387119
1992,"08","CO","Colorado",3495939
1993,"08","CO","Colorado",3613734
1994,"08","CO","Colorado",3724168
1995,"08","CO","Colorado",3826653
1996,"08","CO","Colorado",3919972
1997,"08","CO","Colorado",4018293
1998,"08","CO","Colorado",4116639
1999,"08","CO","Colorado",4226018
2000,"08","CO","Colorado",4326921
2001,"08","CO","Colorado",4425687
2002,"08","CO","Colorado",4490406
2003,"08","CO","Colorado",4528732
2004,"08","CO","Colorado",4575013
2005,"08","CO","Colorado",4631888
2006,"08","CO","Colorado",4720423
2007,"08","CO","Colorado",4803868
2008,"08","CO","Colorado",4889730
2009,"08","CO","Colorado",4972195
2010,"08","CO","Colorado",5047349
2011,"08","CO","Colorado",5121108
2012,"08","CO","Colorado",5192647
2013,"08","CO","Colorado",5269035
2014,"08","CO","Colorado",5350101
2015,"08","CO","Colorado",5450623
2016,"08","CO","Colorado",5539215
2017,"08","CO","Colorado",5611885
2018,"08","CO","Colorado",5691287
2019,"08","CO","Colorado",5758736
2020,"08","CO","Colorado",5784865
2021,"08","CO","Colorado",5811297
2022,"08","CO","Colorado",5839926
1970,"09","CT","Connecticut",3032217
1971,"09","CT","Connecticut",3060938
1972,"09","CT","Connecticut",3068699
1973,"09","CT","Connecticut",3067814
1974,"09","CT","Connecticut",3074047
1975,"09","CT","Connecticut",3082500
1976,"09","CT","Connecticut",3083335
1977,"09","CT","Connecticut",3085722
1978,"09","CT","Connecticut",3091627
1979,"09","CT","Connecticut",3095917
1980,"09","CT","Connecticut",3107576
1981,"09","CT","Connecticut",3128836
1982,"09","CT","Connecticut",3139013
1983,"09","CT","Connecticut",3162354
1984,"09","CT","Connecticut",3180014
1985,"09","CT","Connecticut",3201131
1986,"09","CT","Connecticut",3223740
1987,"09","CT","Connecticut",3247291
1988,"09","CT","Connecticut",3271953
1989,"09","CT","Connecticut",3283403
1990,"09","CT","Connecticut",3291967
1991,"09","CT","Connecticut",3302895
1992,"09","CT","Connecticut",3300712
1993,"09","CT","Connecticut",3309175
1994,"09","CT","Connecticut",3316121
1995,"09","CT","Connecticut",3324144
1996,"09","CT","Connecticut",3336685
1997,"09","CT","Connecticut",3349348
1998,"09","CT","Connecticut",3365352
1999,"09","CT","Connecticut",3386401
2000,"09","CT","Connecticut",3411777
2001,"09","CT","Connecticut",3432835
2002,"09","CT","Connecticut",3458749
2003,"09","CT","Connecticut",3484336
2004,"09","CT","Connecticut",3496094
2005,"09","CT","Connecticut",3506956
2006,"09","CT","Connecticut",3517460
2007,"09","CT","Connecticut",3527270
2008,"09","CT","Connecticut",3545579
2009,"09","CT","Connecticut",3561807
2010,"09","CT","Connecticut",3579114
2011,"09","CT","Connecticut",3588283
2012,"09","CT","Connecticut",3594547
2013,"09","CT","Connecticut",3594841
2014,"09","CT","Connecticut",3594524
2015,"09","CT","Connecticut",3587122
2016,"09","CT","Connecticut",3578141
2017,"09","CT","Connecticut",3573297
2018,"09","CT","Connecticut",3571520
2019,"09","CT","Connecticut",3565287
2020,"09","CT","Connecticut",3597362
2021,"09","CT","Connecticut",3623355
2022,"09","CT","Connecticut",3626205
1970,"10","DE","Delaware",548104
1971,"10","DE","Delaware",564708
1972,"10","DE","Delaware",572913
1973,"10","DE","Delaware",577759
1974,"10","DE","Delaware",581418
1975,"10","DE","Delaware",586589
1976,"10","DE","Delaware",590166
1977,"10","DE","Delaware",591829
1978,"10","DE","Delaware",594776
1979,"10","DE","Delaware",594984
1980,"10","DE","Delaware",594338
1981,"10","DE","Delaware",595975
1982,"10","DE","Delaware",599148
1983,"10","DE","Delaware",605458
1984,"10","DE","Delaware",611565
1985,"10","DE","Delaware",618280
1986,"10","DE","Delaware",627559
1987,"10","DE","Delaware",636947
1988,"10","DE","Delaware",647622
1989,"10","DE","Delaware",658273
1990,"10","DE","Delaware",669567
1991,"10","DE","Delaware",683080
1992,"10","DE","Delaware",694925
1993,"10","DE","Delaware",706378
1994,"10","DE","Delaware",717545
1995,"10","DE","Delaware",729734
1996,"10","DE","Delaware",740977
1997,"10","DE","Delaware",751487
1998,"10","DE","Delaware",763335
1999,"10","DE","Delaware",774990
2000,"10","DE","Delaware",786373
2001,"10","DE","Delaware",795699
2002,"10","DE","Delaware",806169
2003,"10","DE","Delaware",818003
2004,"10","DE","Delaware",830803
2005,"10","DE","Delaware",845150
2006,"10","DE","Delaware",859268
2007,"10","DE","Delaware",871749
2008,"10","DE","Delaware",883874
2009,"10","DE","Delaware",891730
2010,"10","DE","Delaware",899593
2011,"10","DE","Delaware",907381
2012,"10","DE","Delaware",915179
2013,"10","DE","Delaware",923576
2014,"10","DE","Delaware",932487
2015,"10","DE","Delaware",941252
2016,"10","DE","Delaware",948921
2017,"10","DE","Delaware",956823
2018,"10","DE","Delaware",965479
2019,"10","DE","Delaware",973764
2020,"10","DE","Delaware",992114
2021,"10","DE","Delaware",1004807
2022,"10","DE","Delaware",1018396
1970,"11","DC","District of Columbia",756668
1971,"11","DC","District of Columbia",749781
1972,"11","DC","District of Columbia",742241
1973,"11","DC","District of Columbia",731488
1974,"11","DC","District of Columbia",717947
1975,"11","DC","District of Columbia",706871
1976,"11","DC","District of Columbia",692295
1977,"11","DC","District of Columbia",677228
1978,"11","DC","District of Columbia",665052
1979,"11","DC","District of Columbia",650016
1980,"11","DC","District of Columbia",638333
1981,"11","DC","District of Columbia",636893
1982,"11","DC","District of Columbia",634174
1983,"11","DC","District of Columbia",632433
1984,"11","DC","District of Columbia",633382
1985,"11","DC","District of Columbia",634549
1986,"11","DC","District of Columbia",638269
1987,"11","DC","District of Columbia",636930
1988,"11","DC","District of Columbia",630432
1989,"11","DC","District of Columbia",624168
1990,"11","DC","District of Columbia",605321
1991,"11","DC","District of Columbia",600870
1992,"11","DC","District of Columbia",597565
1993,"11","DC","District of Columbia",595301
1994,"11","DC","District of Columbia",589239
1995,"11","DC","District of Columbia",580517
1996,"11","DC","District of Columbia",572377
1997,"11","DC","District of Columbia",567736
1998,"11","DC","District of Columbia",565230
1999,"11","DC","District of Columbia",570213
2000,"11","DC","District of Columbia",572046
2001,"11","DC","District of Columbia",574504
2002,"11","DC","District of Columbia",573158
2003,"11","DC","District of Columbia",568502
2004,"11","DC","District of Columbia",567754
2005,"11","DC","District of Columbia",567136
2006,"11","DC","District of Columbia",570681
2007,"11","DC","District of Columbia",574404
2008,"11","DC","District of Columbia",580236
2009,"11","DC","District of Columbia",592228
2010,"11","DC","District of Columbia",605226
2011,"11","DC","District of Columbia",619800
2012,"11","DC","District of Columbia",634924
2013,"11","DC","District of Columbia",650581
2014,"11","DC","District of Columbia",662328
2015,"11","DC","District of Columbia",675400
2016,"11","DC","District of Columbia",685815
2017,"11","DC","District of Columbia",694906
2018,"11","DC","District of Columbia",701547
2019,"11","DC","District of Columbia",705749
2020,"11","DC","District of Columbia",670868
2021,"11","DC","District of Columbia",668791
2022,"11","DC","District of Columbia",671803
1970,"12","FL","Florida",6791418
1971,"12","FL","Florida",7158304
1972,"12","FL","Florida",7511463
1973,"12","FL","Florida",7913696
1974,"12","FL","Florida",8298762
1975,"12","FL","Florida",8518422
1976,"12","FL","Florida",8667379
1977,"12","FL","Florida",8856183
1978,"12","FL","Florida",9102032
1979,"12","FL","Florida",9426159
1980,"12","FL","Florida",9746324
1981,"12","FL","Florida",10192774
1982,"12","FL","Florida",10471407
1983,"12","FL","Florida",10749851
1984,"12","FL","Florida",11039925
1985,"12","FL","Florida",11351118
1986,"12","FL","Florida",11667505
1987,"12","FL","Florida",11997283
1988,"12","FL","Florida",12306395
1989,"12","FL","Florida",12637715
1990,"12","FL","Florida",13033307
1991,"12","FL","Florida",13369798
1992,"12","FL","Florida",13650553
1993,"12","FL","Florida",13927185
1994,"12","FL","Florida",14239444
1995,"12","FL","Florida",14537875
1996,"12","FL","Florida",14853360
1997,"12","FL","Florida",15186304
1998,"12","FL","Florida",15486559
1999,"12","FL","Florida",15759421
2000,"12","FL","Florida",16047515
2001,"12","FL","Florida",16356966
2002,"12","FL","Florida",16689370
2003,"12","FL","Florida",17004085
2004,"12","FL","Florida",17415318
2005,"12","FL","Florida",17842038
2006,"12","FL","Florida",18166990
2007,"12","FL","Florida",18367842
2008,"12","FL","Florida",18527305
2009,"12","FL","Florida",18652644
2010,"12","FL","Florida",18845537
2011,"12","FL","Florida",19053237
2012,"12","FL","Florida",19297822
2013,"12","FL","Florida",19545621
2014,"12","FL","Florida",19845911
2015,"12","FL","Florida",20209042
2016,"12","FL","Florida",20613477
2017,"12","FL","Florida",20963613
2018,"12","FL","Florida",21244317
2019,"12","FL","Florida",21477737
2020,"12","FL","Florida",21589602
2021,"12","FL","Florida",21828069
2022,"12","FL","Florida",22244823
1970,"13","GA","Georgia",4587930
1971,"13","GA","Georgia",4711550
1972,"13","GA","Georgia",4809490
1973,"13","GA","Georgia",4910374
1974,"13","GA","Georgia",4999419
1975,"13","GA","Georgia",5064075
1976,"13","GA","Georgia",5132812
1977,"13","GA","Georgia",5219697
1978,"13","GA","Georgia",5295751
1979,"13","GA","Georgia",5401384
1980,"13","GA","Georgia",5463105
1981,"13","GA","Georgia",5568345
1982,"13","GA","Georgia",5649792
1983,"13","GA","Georgia",5728250
1984,"13","GA","Georgia",5834954
1985,"13","GA","Georgia",5962661
1986,"13","GA","Georgia",6084666
1987,"13","GA","Georgia",6208467
1988,"13","GA","Georgia",6316142
1989,"13","GA","Georgia",6411099
1990,"13","GA","Georgia",6512602
1991,"13","GA","Georgia",6653005
1992,"13","GA","Georgia",6817203
1993,"13","GA","Georgia",6978240
1994,"13","GA","Georgia",7157165
1995,"13","GA","Georgia",7328413
1996,"13","GA","Georgia",7501069
1997,"13","GA","Georgia",7685099
1998,"13","GA","Georgia",7863536
1999,"13","GA","Georgia",8045965
2000,"13","GA","Georgia",8227303
2001,"13","GA","Georgia",8377038
2002,"13","GA","Georgia",8508256
2003,"13","GA","Georgia",8622793
2004,"13","GA","Georgia",8769252
2005,"13","GA","Georgia",8925922
2006,"13","GA","Georgia",9155813
2007,"13","GA","Georgia",9349988
2008,"13","GA","Georgia",9504843
2009,"13","GA","Georgia",9620846
2010,"13","GA","Georgia",9711881
2011,"13","GA","Georgia",9802431
2012,"13","GA","Georgia",9901430
2013,"13","GA","Georgia",9972479
2014,"13","GA","Georgia",10067278
2015,"13","GA","Georgia",10178447
2016,"13","GA","Georgia",10301890
2017,"13","GA","Georgia",10410330
2018,"13","GA","Georgia",10511131
2019,"13","GA","Georgia",10617423
2020,"13","GA","Georgia",10729828
2021,"13","GA","Georgia",10788029
2022,"13","GA","Georgia",10912876
1970,"15","HI","Hawaii",769913
1971,"15","HI","Hawaii",801644
1972,"15","HI","Hawaii",828331
1973,"15","HI","Hawaii",851595
1974,"15","HI","Hawaii",867978
1975,"15","HI","Hawaii",886160
1976,"15","HI","Hawaii",904191
1977,"15","HI","Hawaii",918259
1978,"15","HI","Hawaii",931584
1979,"15","HI","Hawaii",953306
1980,"15","HI","Hawaii",964691
1981,"15","HI","Hawaii",978195
1982,"15","HI","Hawaii",993780
1983,"15","HI","Hawaii",1012717
1984,"15","HI","Hawaii",1027922
1985,"15","HI","Hawaii",1039698
1986,"15","HI","Hawaii",1051762
1987,"15","HI","Hawaii",1067918
1988,"15","HI","Hawaii",1079828
1989,"15","HI","Hawaii",1094588
1990,"15","HI","Hawaii",1113491
1991,"15","HI","Hawaii",1136754
1992,"15","HI","Hawaii",1158613
1993,"15","HI","Hawaii",1172838
1994,"15","HI","Hawaii",1187536
1995,"15","HI","Hawaii",1196854
1996,"15","HI","Hawaii",1203755
1997,"15","HI","Hawaii",1211640
1998,"15","HI","Hawaii",1215233
1999,"15","HI","Hawaii",1210300
2000,"15","HI","Hawaii",1213519
2001,"15","HI","Hawaii",1225948
2002,"15","HI","Hawaii",1239613
2003,"15","HI","Hawaii",1251154
2004,"15","HI","Hawaii",1273569
2005,"15","HI","Hawaii",1292729
2006,"15","HI","Hawaii",1309731
2007,"15","HI","Hawaii",1315675
2008,"15","HI","Hawaii",1332213
2009,"15","HI","Hawaii",1346717
2010,"15","HI","Hawaii",1363963
2011,"15","HI","Hawaii",1379329
2012,"15","HI","Hawaii",1394804
2013,"15","HI","Hawaii",1408243
2014,"15","HI","Hawaii",1414538
2015,"15","HI","Hawaii",1422052
2016,"15","HI","Hawaii",1427559
2017,"15","HI","Hawaii",1424393
2018,"15","HI","Hawaii",1420593
2019,"15","HI","Hawaii",1415872
2020,"15","HI","Hawaii",1451043
2021,"15","HI","Hawaii",1447154
2022,"15","HI","Hawaii",1440196
1970,"16","ID","Idaho",713015
1971,"16","ID","Idaho",738753
1972,"16","ID","Idaho",763237
1973,"16","ID","Idaho",782074
1974,"16","ID","Idaho",807990
1975,"16","ID","Idaho",831982
1976,"16","ID","Idaho",856983
1977,"16","ID","Idaho",883469
1978,"16","ID","Idaho",910690
1979,"16","ID","Idaho",932627
1980,"16","ID","Idaho",943935
1981,"16","ID","Idaho",962204
1982,"16","ID","Idaho",973721
1983,"16","ID","Idaho",981869
1984,"16","ID","Idaho",990839
1985,"16","ID","Idaho",994051
1986,"16","ID","Idaho",990224
1987,"16","ID","Idaho",984997
1988,"16","ID","Idaho",985664
1989,"16","ID","Idaho",994416
1990,"16","ID","Idaho",1012384
1991,"16","ID","Idaho",1041316
1992,"16","ID","Idaho",1071685
1993,"16","ID","Idaho",1108768
1994,"16","ID","Idaho",1145140
1995,"16","ID","Idaho",1177322
1996,"16","ID","Idaho",1203083
1997,"16","ID","Idaho",1228520
1998,"16","ID","Idaho",1252330
1999,"16","ID","Idaho",1275674
2000,"16","ID","Idaho",1299430
2001,"16","ID","Idaho",1319962
2002,"16","ID","Idaho",1340372
2003,"16","ID","Idaho",1363380
2004,"16","ID","Idaho",1391802
2005,"16","ID","Idaho",1428241
2006,"16","ID","Idaho",1468669
2007,"16","ID","Idaho",1505105
2008,"16","ID","Idaho",1534320
2009,"16","ID","Idaho",1554439
2010,"16","ID","Idaho",1570746
2011,"16","ID","Idaho",1583910
2012,"16","ID","Idaho",1595324
2013,"16","ID","Idaho",1611206
2014,"16","ID","Idaho",1631112
2015,"16","ID","Idaho",1651059
2016,"16","ID","Idaho",1682380
2017,"16","ID","Idaho",1717715
2018,"16","ID","Idaho",1750536
2019,"16","ID","Idaho",1787065
2020,"16","ID","Idaho",1849202
2021,"16","ID","Idaho",1904314
2022,"16","ID","Idaho",1939033
1970,"17","IL","Illinois",11110285
1971,"17","IL","Illinois",11202397
1972,"17","IL","Illinois",11251948
1973,"17","IL","Illinois",11251367
1974,"17","IL","Illinois",11262145
1975,"17","IL","Illinois",11291743
1976,"17","IL","Illinois",11342853
1977,"17","IL","Illinois",11386316
1978,"17","IL","Illinois",11412561
1979,"17","IL","Illinois",11396837
1980,"17","IL","Illinois",11426518
1981,"17","IL","Illinois",11443458
1982,"17","IL","Illinois",11423412
1983,"17","IL","Illinois",11408818
1984,"17","IL","Illinois",11412132
1985,"17","IL","Illinois",11399806
1986,"17","IL","Illinois",11387257
1987,"17","IL","Illinois",11391178
1988,"17","IL","Illinois",11390183
1989,"17","IL","Illinois",11409782
1990,"17","IL","Illinois",11453316
1991,"17","IL","Illinois",11568964
1992,"17","IL","Illinois",11694184
1993,"17","IL","Illinois",11809579
1994,"17","IL","Illinois",11912585
1995,"17","IL","Illinois",12008437
1996,"17","IL","Illinois",12101997
1997,"17","IL","Illinois",12185715
1998,"17","IL","Illinois",12271847
1999,"17","IL","Illinois",12359020
2000,"17","IL","Illinois",12434161
2001,"17","IL","Illinois",12488445
2002,"17","IL","Illinois",12525556
2003,"17","IL","Illinois",12556006
2004,"17","IL","Illinois",12589773
2005,"17","IL","Illinois",12609903
2006,"17","IL","Illinois",12643955
2007,"17","IL","Illinois",12695866
2008,"17","IL","Illinois",12747038
2009,"17","IL","Illinois",12796778
2010,"17","IL","Illinois",12840503
2011,"17","IL","Illinois",12867454
2012,"17","IL","Illinois",12882510
2013,"17","IL","Illinois",12895129
2014,"17","IL","Illinois",12884493
2015,"17","IL","Illinois",12858913
2016,"17","IL","Illinois",12820527
2017,"17","IL","Illinois",12778828
2018,"17","IL","Illinois",12723071
2019,"17","IL","Illinois",12671821
2020,"17","IL","Illinois",12786580
2021,"17","IL","Illinois",12686469
2022,"17","IL","Illinois",12582032
1970,"18","IN","Indiana",5195392
1971,"18","IN","Indiana",5253396
1972,"18","IN","Indiana",5302435
1973,"18","IN","Indiana",5338277
1974,"18","IN","Indiana",5361890
1975,"18","IN","Indiana",5365766
1976,"18","IN","Indiana",5389088
1977,"18","IN","Indiana",5425638
1978,"18","IN","Indiana",5470214
1979,"18","IN","Indiana",5501174
1980,"18","IN","Indiana",5490224
1981,"18","IN","Indiana",5480435
1982,"18","IN","Indiana",5467922
1983,"18","IN","Indiana",5450395
1984,"18","IN","Indiana",5458322
1985,"18","IN","Indiana",5459211
1986,"18","IN","Indiana",5454108
1987,"18","IN","Indiana",5473012
1988,"18","IN","Indiana",5491735
1989,"18","IN","Indiana",5523693
1990,"18","IN","Indiana",5557798
1991,"18","IN","Indiana",5616388
1992,"18","IN","Indiana",5674547
1993,"18","IN","Indiana",5739019
1994,"18","IN","Indiana",5793526
1995,"18","IN","Indiana",5851459
1996,"18","IN","Indiana",5906013
1997,"18","IN","Indiana",5955267
1998,"18","IN","Indiana",5998880
1999,"18","IN","Indiana",6044969
2000,"18","IN","Indiana",6091866
2001,"18","IN","Indiana",6127760
2002,"18","IN","Indiana",6155967
2003,"18","IN","Indiana",6196638
2004,"18","IN","Indiana",6233007
2005,"18","IN","Indiana",6278616
2006,"18","IN","Indiana",6332669
2007,"18","IN","Indiana",6379599
2008,"18","IN","Indiana",6424806
2009,"18","IN","Indiana",6459325
2010,"18","IN","Indiana",6490432
2011,"18","IN","Indiana",6516528
2012,"18","IN","Indiana",6537703
2013,"18","IN","Indiana",6568713
2014,"18","IN","Indiana",6593644
2015,"18","IN","Indiana",6608422
2016,"18","IN","Indiana",6634304
2017,"18","IN","Indiana",6658078
2018,"18","IN","Indiana",6695497
2019,"18","IN","Indiana",6732219
2020,"18","IN","Indiana",6788799
2021,"18","IN","Indiana",6813532
2022,"18","IN","Indiana",6833037
1970,"19","IA","Iowa",2825368
1971,"19","IA","Iowa",2851705
1972,"19","IA","Iowa",2860287
1973,"19","IA","Iowa",2863715
1974,"19","IA","Iowa",2867530
1975,"19","IA","Iowa",2880847
1976,"19","IA","Iowa",2903082
1977,"19","IA","Iowa",2913573
1978,"19","IA","Iowa",2918069
1979,"19","IA","Iowa",2915739
1980,"19","IA","Iowa",2913808
1981,"19","IA","Iowa",2907983
1982,"19","IA","Iowa",2888189
1983,"19","IA","Iowa",2870543
1984,"19","IA","Iowa",2858618
1985,"19","IA","Iowa",2829684
1986,"19","IA","Iowa",2791970
1987,"19","IA","Iowa",2767011
1988,"19","IA","Iowa",2768388
1989,"19","IA","Iowa",2770592
1990,"19","IA","Iowa",2781018
1991,"19","IA","Iowa",2797613
1992,"19","IA","Iowa",2818401
1993,"19","IA","Iowa",2836972
1994,"19","IA","Iowa",2850746
1995,"19","IA","Iowa",2867373
1996,"19","IA","Iowa",2880000
1997,"19","IA","Iowa",2891119
1998,"19","IA","Iowa",2902872
1999,"19","IA","Iowa",2917634
2000,"19","IA","Iowa",2929067
2001,"19","IA","Iowa",2931997
2002,"19","IA","Iowa",2934234
2003,"19","IA","Iowa",2941999
2004,"19","IA","Iowa",2953635
2005,"19","IA","Iowa",2964454
2006,"19","IA","Iowa",2982644
2007,"19","IA","Iowa",2999212
2008,"19","IA","Iowa",3016734
2009,"19","IA","Iowa",3032870
2010,"19","IA","Iowa",3050745
2011,"19","IA","Iowa",3066336
2012,"19","IA","Iowa",3076190
2013,"19","IA","Iowa",3092997
2014,"19","IA","Iowa",3109350
2015,"19","IA","Iowa",3120960
2016,"19","IA","Iowa",3131371
2017,"19","IA","Iowa",3141550
2018,"19","IA","Iowa",3148618
2019,"19","IA","Iowa",3155070
2020,"19","IA","Iowa",3190571
2021,"19","IA","Iowa",3197689
2022,"19","IA","Iowa",3200517
1970,"20","KS","Kansas",2249071
1971,"20","KS","Kansas",2246600
1972,"20","KS","Kansas",2256375
1973,"20","KS","Kansas",2265603
1974,"20","KS","Kansas",2269499
1975,"20","KS","Kansas",2280578
1976,"20","KS","Kansas",2301001
1977,"20","KS","Kansas",2320647
1978,"20","KS","Kansas",2335657
1979,"20","KS","Kansas",2350906
1980,"20","KS","Kansas",2363679
1981,"20","KS","Kansas",2384849
1982,"20","KS","Kansas",2401202
1983,"20","KS","Kansas",2415531
1984,"20","KS","Kansas",2424086
1985,"20","KS","Kansas",2427405
1986,"20","KS","Kansas",2432619
1987,"20","KS","Kansas",2445367
1988,"20","KS","Kansas",2461996
1989,"20","KS","Kansas",2472849
1990,"20","KS","Kansas",2481349
1991,"20","KS","Kansas",2498722
1992,"20","KS","Kansas",2532394
1993,"20","KS","Kansas",2556547
1994,"20","KS","Kansas",2580513
1995,"20","KS","Kansas",2601007
1996,"20","KS","Kansas",2614554
1997,"20","KS","Kansas",2635292
1998,"20","KS","Kansas",2660598
1999,"20","KS","Kansas",2678338
2000,"20","KS","Kansas",2693681
2001,"20","KS","Kansas",2702162
2002,"20","KS","Kansas",2713535
2003,"20","KS","Kansas",2723004
2004,"20","KS","Kansas",2734373
2005,"20","KS","Kansas",2745299
2006,"20","KS","Kansas",2762931
2007,"20","KS","Kansas",2783785
2008,"20","KS","Kansas",2808076
2009,"20","KS","Kansas",2832704
2010,"20","KS","Kansas",2858190
2011,"20","KS","Kansas",2869225
2012,"20","KS","Kansas",2885257
2013,"20","KS","Kansas",2893212
2014,"20","KS","Kansas",2900475
2015,"20","KS","Kansas",2909011
2016,"20","KS","Kansas",2910844
2017,"20","KS","Kansas",2908718
2018,"20","KS","Kansas",2911359
2019,"20","KS","Kansas",2913314
2020,"20","KS","Kansas",2937919
2021,"20","KS","Kansas",2937922
2022,"20","KS","Kansas",2937150
1970,"21","KY","Kentucky",3220711
1971,"21","KY","Kentucky",3298053
1972,"21","KY","Kentucky",3335728
1973,"21","KY","Kentucky",3371024
1974,"21","KY","Kentucky",3416315
1975,"21","KY","Kentucky",3467769
1976,"21","KY","Kentucky",3529257
1977,"21","KY","Kentucky",3573693
1978,"21","KY","Kentucky",3609976
1979,"21","KY","Kentucky",3641804
1980,"21","KY","Kentucky",3660777
1981,"21","KY","Kentucky",3670394
1982,"21","KY","Kentucky",3683445
1983,"21","KY","Kentucky",3694484
1984,"21","KY","Kentucky",3695453
1985,"21","KY","Kentucky",3694826
1986,"21","KY","Kentucky",3687809
1987,"21","KY","Kentucky",3683329
1988,"21","KY","Kentucky",3679999
1989,"21","KY","Kentucky",3677306
1990,"21","KY","Kentucky",3694048
1991,"21","KY","Kentucky",3722328
1992,"21","KY","Kentucky",3765469
1993,"21","KY","Kentucky",3812206
1994,"21","KY","Kentucky",3849088
1995,"21","KY","Kentucky",3887427
1996,"21","KY","Kentucky",3919535
1997,"21","KY","Kentucky",3952747
1998,"21","KY","Kentucky",3985390
1999,"21","KY","Kentucky",4018053
2000,"21","KY","Kentucky",4049021
2001,"21","KY","Kentucky",4068132
2002,"21","KY","Kentucky",4089875
2003,"21","KY","Kentucky",4117170
2004,"21","KY","Kentucky",4146101
2005,"21","KY","Kentucky",4182742
2006,"21","KY","Kentucky",4219239
2007,"21","KY","Kentucky",4256672
2008,"21","KY","Kentucky",4289878
2009,"21","KY","Kentucky",4317074
2010,"21","KY","Kentucky",4348181
2011,"21","KY","Kentucky",4369821
2012,"21","KY","Kentucky",4386346
2013,"21","KY","Kentucky",4404659
2014,"21","KY","Kentucky",4414349
2015,"21","KY","Kentucky",4425976
2016,"21","KY","Kentucky",4438182
2017,"21","KY","Kentucky",4452268
2018,"21","KY","Kentucky",4461153
2019,"21","KY","Kentucky",4467673
2020,"21","KY","Kentucky",4507445
2021,"21","KY","Kentucky",4506589
2022,"21","KY","Kentucky",4512310
1970,"22","LA","Louisiana",3644637
1971,"22","LA","Louisiana",3710487
1972,"22","LA","Louisiana",3761646
1973,"22","LA","Louisiana",3788375
1974,"22","LA","Louisiana",3820109
1975,"22","LA","Louisiana",3886104
1976,"22","LA","Louisiana",3950605
1977,"22","LA","Louisiana",4014459
1978,"22","LA","Louisiana",4068579
1979,"22","LA","Louisiana",4137665
1980,"22","LA","Louisiana",4205900
1981,"22","LA","Louisiana",4283303
1982,"22","LA","Louisiana",4352608
1983,"22","LA","Louisiana",4395316
1984,"22","LA","Louisiana",4400477
1985,"22","LA","Louisiana",4408118
1986,"22","LA","Louisiana",4406919
1987,"22","LA","Louisiana",4344148
1988,"22","LA","Louisiana",4288863
1989,"22","LA","Louisiana",4252894
1990,"22","LA","Louisiana",4221532
1991,"22","LA","Louisiana",4253279
1992,"22","LA","Louisiana",4293003
1993,"22","LA","Louisiana",4316428
1994,"22","LA","Louisiana",4347481
1995,"22","LA","Louisiana",4378779
1996,"22","LA","Louisiana",4398877
1997,"22","LA","Louisiana",4421071
1998,"22","LA","Louisiana",4440344
1999,"22","LA","Louisiana",4460811
2000,"22","LA","Louisiana",4471885
2001,"22","LA","Louisiana",4477875
2002,"22","LA","Louisiana",4497267
2003,"22","LA","Louisiana",4521042
2004,"22","LA","Louisiana",4552238
2005,"22","LA","Louisiana",4576628
2006,"22","LA","Louisiana",4302665
2007,"22","LA","Louisiana",4375581
2008,"22","LA","Louisiana",4435586
2009,"22","LA","Louisiana",4491648
2010,"22","LA","Louisiana",4544532
2011,"22","LA","Louisiana",4575625
2012,"22","LA","Louisiana",4600972
2013,"22","LA","Louisiana",4624527
2014,"22","LA","Louisiana",4644013
2015,"22","LA","Louisiana",4664628
2016,"22","LA","Louisiana",4678135
2017,"22","LA","Louisiana",4670560
2018,"22","LA","Louisiana",4659690
2019,"22","LA","Louisiana",4648794
2020,"22","LA","Louisiana",4651664
2021,"22","LA","Louisiana",4627098
2022,"22","LA","Louisiana",4590241
1970,"23","ME","Maine",993722
1971,"23","ME","Maine",1015390
1972,"23","ME","Maine",1034292
1973,"23","ME","Maine",1045655
1974,"23","ME","Maine",1059040
1975,"23","ME","Maine",1071995
1976,"23","ME","Maine",1088412
1977,"23","ME","Maine",1103578
1978,"23","ME","Maine",1113566
1979,"23","ME","Maine",1122563
1980,"23","ME","Maine",1124660
1981,"23","ME","Maine",1133033
1982,"23","ME","Maine",1136684
1983,"23","ME","Maine",1144772
1984,"23","ME","Maine",1155635
1985,"23","ME","Maine",1162936
1986,"23","ME","Maine",1170126
1987,"23","ME","Maine",1184574
1988,"23","ME","Maine",1203840
1989,"23","ME","Maine",1219961
1990,"23","ME","Maine",1231719
1991,"23","ME","Maine",1237081
1992,"23","ME","Maine",1238508
1993,"23","ME","Maine",1242302
1994,"23","ME","Maine",1242662
1995,"23","ME","Maine",1243480
1996,"23","ME","Maine",1249060
1997,"23","ME","Maine",1254774
1998,"23","ME","Maine",1259127
1999,"23","ME","Maine",1266808
2000,"23","ME","Maine",1277072
2001,"23","ME","Maine",1285692
2002,"23","ME","Maine",1295960
2003,"23","ME","Maine",1306513
2004,"23","ME","Maine",1313688
2005,"23","ME","Maine",1318787
2006,"23","ME","Maine",1323619
2007,"23","ME","Maine",1327040
2008,"23","ME","Maine",1330509
2009,"23","ME","Maine",1329590
2010,"23","ME","Maine",1327629
2011,"23","ME","Maine",1328284
2012,"23","ME","Maine",1327729
2013,"23","ME","Maine",1328009
2014,"23","ME","Maine",1330513
2015,"23","ME","Maine",1328262
2016,"23","ME","Maine",1331317
2017,"23","ME","Maine",1334612
2018,"23","ME","Maine",1339057
2019,"23","ME","Maine",1344212
2020,"23","ME","Maine",1363557
2021,"23","ME","Maine",1377238
2022,"23","ME","Maine",1385340
1970,"24","MD","Maryland",3923897
1971,"24","MD","Maryland",4018324
1972,"24","MD","Maryland",4073499
1973,"24","MD","Maryland",4097974
1974,"24","MD","Maryland",4118815
1975,"24","MD","Maryland",4139096
1976,"24","MD","Maryland",4150539
1977,"24","MD","Maryland",4169595
1978,"24","MD","Maryland",4183603
1979,"24","MD","Maryland",4191160
1980,"24","MD","Maryland",4216975
1981,"24","MD","Maryland",4261905
1982,"24","MD","Maryland",4282923
1983,"24","MD","Maryland",4313327
1984,"24","MD","Maryland",4365243
1985,"24","MD","Maryland",4413071
1986,"24","MD","Maryland",4486957
1987,"24","MD","Maryland",4565557
1988,"24","MD","Maryland",4657904
1989,"24","MD","Maryland",4727301
1990,"24","MD","Maryland",4799770
1991,"24","MD","Maryland",4867641
1992,"24","MD","Maryland",4923368
1993,"24","MD","Maryland",4971889
1994,"24","MD","Maryland",5023060
1995,"24","MD","Maryland",5070033
1996,"24","MD","Maryland",5111986
1997,"24","MD","Maryland",5157328
1998,"24","MD","Maryland",5204464
1999,"24","MD","Maryland",5254509
2000,"24","MD","Maryland",5311034
2001,"24","MD","Maryland",5374691
2002,"24","MD","Maryland",5440389
2003,"24","MD","Maryland",5496269
2004,"24","MD","Maryland",5546935
2005,"24","MD","Maryland",5592379
2006,"24","MD","Maryland",5627367
2007,"24","MD","Maryland",5653408
2008,"24","MD","Maryland",5684965
2009,"24","MD","Maryland",5730388
2010,"24","MD","Maryland",5788645
2011,"24","MD","Maryland",5839419
2012,"24","MD","Maryland",5886992
2013,"24","MD","Maryland",5923188
2014,"24","MD","Maryland",5957283
2015,"24","MD","Maryland",5985562
2016,"24","MD","Maryland",6003323
2017,"24","MD","Maryland",6023868
2018,"24","MD","Maryland",6035802
2019,"24","MD","Maryland",6045680
2020,"24","MD","Maryland",6173205
2021,"24","MD","Maryland",6174610
2022,"24","MD","Maryland",6164660
1970,"25","MA","Massachusetts",5689170
1971,"25","MA","Massachusetts",5737580
1972,"25","MA","Massachusetts",5760302
1973,"25","MA","Massachusetts",5781172
1974,"25","MA","Massachusetts",5773548
1975,"25","MA","Massachusetts",5757756
1976,"25","MA","Massachusetts",5743672
1977,"25","MA","Massachusetts",5738199
1978,"25","MA","Massachusetts",5736469
1979,"25","MA","Massachusetts",5738404
1980,"25","MA","Massachusetts",5737037
1981,"25","MA","Massachusetts",5768685
1982,"25","MA","Massachusetts",5771222
1983,"25","MA","Massachusetts",5799407
1984,"25","MA","Massachusetts",5840773
1985,"25","MA","Massachusetts",5880733
1986,"25","MA","Massachusetts",5902678
1987,"25","MA","Massachusetts",5935204
1988,"25","MA","Massachusetts",5979982
1989,"25","MA","Massachusetts",6015478
1990,"25","MA","Massachusetts",6022639
1991,"25","MA","Massachusetts",6018470
1992,"25","MA","Massachusetts",6028709
1993,"25","MA","Massachusetts",6060569
1994,"25","MA","Massachusetts",6095241
1995,"25","MA","Massachusetts",6141445
1996,"25","MA","Massachusetts",6179756
1997,"25","MA","Massachusetts",6226058
1998,"25","MA","Massachusetts",6271838
1999,"25","MA","Massachusetts",6317345
2000,"25","MA","Massachusetts",6361104
2001,"25","MA","Massachusetts",6397634
2002,"25","MA","Massachusetts",6417206
2003,"25","MA","Massachusetts",6422565
2004,"25","MA","Massachusetts",6412281
2005,"25","MA","Massachusetts",6403290
2006,"25","MA","Massachusetts",6410084
2007,"25","MA","Massachusetts",6431559
2008,"25","MA","Massachusetts",6468967
2009,"25","MA","Massachusetts",6517613
2010,"25","MA","Massachusetts",6566307
2011,"25","MA","Massachusetts",6613583
2012,"25","MA","Massachusetts",6663005
2013,"25","MA","Massachusetts",6713315
2014,"25","MA","Massachusetts",6762596
2015,"25","MA","Massachusetts",6794228
2016,"25","MA","Massachusetts",6823608
2017,"25","MA","Massachusetts",6859789
2018,"25","MA","Massachusetts",6882635
2019,"25","MA","Massachusetts",6892503
2020,"25","MA","Massachusetts",6995729
2021,"25","MA","Massachusetts",6989690
2022,"25","MA","Massachusetts",6981974
1970,"26","MI","Michigan",8881826
1971,"26","MI","Michigan",8974186
1972,"26","MI","Michigan",9028944
1973,"26","MI","Michigan",9077956
1974,"26","MI","Michigan",9117507
1975,"26","MI","Michigan",9117668
1976,"26","MI","Michigan",9129205
1977,"26","MI","Michigan",9171110
1978,"26","MI","Michigan",9217761
1979,"26","MI","Michigan",9266268
1980,"26","MI","Michigan",9262078
1981,"26","MI","Michigan",9209287
1982,"26","MI","Michigan",9115198
1983,"26","MI","Michigan",9047754
1984,"26","MI","Michigan",9049452
1985,"26","MI","Michigan",9076293
1986,"26","MI","Michigan",9127775
1987,"26","MI","Michigan",9187481
1988,"26","MI","Michigan",9217998
1989,"26","MI","Michigan",9253295
1990,"26","MI","Michigan",9311319
1991,"26","MI","Michigan",9400446
1992,"26","MI","Michigan",9479065
1993,"26","MI","Michigan",9540114
1994,"26","MI","Michigan",9597737
1995,"26","MI","Michigan",9676211
1996,"26","MI","Michigan",9758645
1997,"26","MI","Michigan",9809051
1998,"26","MI","Michigan",9847942
1999,"26","MI","Michigan",9897116
2000,"26","MI","Michigan",9952450
2001,"26","MI","Michigan",9991120
2002,"26","MI","Michigan",10015710
2003,"26","MI","Michigan",10041152
2004,"26","MI","Michigan",10055315
2005,"26","MI","Michigan",10051137
2006,"26","MI","Michigan",10036081
2007,"26","MI","Michigan",10001284
2008,"26","MI","Michigan",9946889
2009,"26","MI","Michigan",9901591
2010,"26","MI","Michigan",9877510
2011,"26","MI","Michigan",9882412
2012,"26","MI","Michigan",9897145
2013,"26","MI","Michigan",9913065
2014,"26","MI","Michigan",9929848
2015,"26","MI","Michigan",9931715
2016,"26","MI","Michigan",9950571
2017,"26","MI","Michigan",9973114
2018,"26","MI","Michigan",9984072
2019,"26","MI","Michigan",9986857
2020,"26","MI","Michigan",10069577
2021,"26","MI","Michigan",10037504
2022,"26","MI","Michigan",10034113
1970,"27","MN","Minnesota",3806103
1971,"27","MN","Minnesota",3853486
1972,"27","MN","Minnesota",3869747
1973,"27","MN","Minnesota",3889332
1974,"27","MN","Minnesota",3903925
1975,"27","MN","Minnesota",3932515
1976,"27","MN","Minnesota",3964680
1977,"27","MN","Minnesota",3989364
1978,"27","MN","Minnesota",4015341
1979,"27","MN","Minnesota",4050316
1980,"27","MN","Minnesota",4075970
1981,"27","MN","Minnesota",4111728
1982,"27","MN","Minnesota",4131450
1983,"27","MN","Minnesota",4141456
1984,"27","MN","Minnesota",4157706
1985,"27","MN","Minnesota",4184302
1986,"27","MN","Minnesota",4205212
1987,"27","MN","Minnesota",4235136
1988,"27","MN","Minnesota",4296166
1989,"27","MN","Minnesota",4338057
1990,"27","MN","Minnesota",4389857
1991,"27","MN","Minnesota",4440859
1992,"27","MN","Minnesota",4495572
1993,"27","MN","Minnesota",4555954
1994,"27","MN","Minnesota",4610355
1995,"27","MN","Minnesota",4660180
1996,"27","MN","Minnesota",4712827
1997,"27","MN","Minnesota",4763390
1998,"27","MN","Minnesota",4813412
1999,"27","MN","Minnesota",4873481
2000,"27","MN","Minnesota",4933692
2001,"27","MN","Minnesota",4982796
2002,"27","MN","Minnesota",5018935
2003,"27","MN","Minnesota",5053572
2004,"27","MN","Minnesota",5087713
2005,"27","MN","Minnesota",5119598
2006,"27","MN","Minnesota",5163555
2007,"27","MN","Minnesota",5207203
2008,"27","MN","Minnesota",5247018
2009,"27","MN","Minnesota",5281203
2010,"27","MN","Minnesota",5310828
2011,"27","MN","Minnesota",5346143
2012,"27","MN","Minnesota",5376643
2013,"27","MN","Minnesota",5413479
2014,"27","MN","Minnesota",5451079
2015,"27","MN","Minnesota",5482032
2016,"27","MN","Minnesota",5522744
2017,"27","MN","Minnesota",5566230
2018,"27","MN","Minnesota",5606249
2019,"27","MN","Minnesota",5639632
2020,"27","MN","Minnesota",5709852
2021,"27","MN","Minnesota",5711471
2022,"27","MN","Minnesota",5717184
1970,"28","MS","Mississippi",2216994
1971,"28","MS","Mississippi",2265432
1972,"28","MS","Mississippi",2307117
1973,"28","MS","Mississippi",2349546
1974,"28","MS","Mississippi",2378268
1975,"28","MS","Mississippi",2399449
1976,"28","MS","Mississippi",2429756
1977,"28","MS","Mississippi",2459201
1978,"28","MS","Mississippi",2487816
1979,"28","MS","Mississippi",2507069
1980,"28","MS","Mississippi",2520638
1981,"28","MS","Mississippi",2539036
1982,"28","MS","Mississippi",2556777
1983,"28","MS","Mississippi",2567717
1984,"28","MS","Mississippi",2578051
1985,"28","MS","Mississippi",2588102
1986,"28","MS","Mississippi",2593597
1987,"28","MS","Mississippi",2588545
1988,"28","MS","Mississippi",2580352
1989,"28","MS","Mississippi",2574269
1990,"28","MS","Mississippi",2578897
1991,"28","MS","Mississippi",2598733
1992,"28","MS","Mississippi",2623734
1993,"28","MS","Mississippi",2655100
1994,"28","MS","Mississippi",2688992
1995,"28","MS","Mississippi",2722659
1996,"28","MS","Mississippi",2748085
1997,"28","MS","Mississippi",2777004
1998,"28","MS","Mississippi",2804834
1999,"28","MS","Mississippi",2828408
2000,"28","MS","Mississippi",2848353
2001,"28","MS","Mississippi",2852994
2002,"28","MS","Mississippi",2858681
2003,"28","MS","Mississippi",2868312
2004,"28","MS","Mississippi",2889010
2005,"28","MS","Mississippi",2905943
2006,"28","MS","Mississippi",2904978
2007,"28","MS","Mississippi",2928350
2008,"28","MS","Mississippi",2947806
2009,"28","MS","Mississippi",2958774
2010,"28","MS","Mississippi",2970548
2011,"28","MS","Mississippi",2978731
2012,"28","MS","Mississippi",2983816
2013,"28","MS","Mississippi",2988711
2014,"28","MS","Mississippi",2990468
2015,"28","MS","Mississippi",2988471
2016,"28","MS","Mississippi",2987938
2017,"28","MS","Mississippi",2988510
2018,"28","MS","Mississippi",2981020
2019,"28","MS","Mississippi",2976149
2020,"28","MS","Mississippi",2958141
2021,"28","MS","Mississippi",2949586
2022,"28","MS","Mississippi",2940057
1970,"29","MO","Missouri",4677623
1971,"29","MO","Missouri",4725764
1972,"29","MO","Missouri",4758780
1973,"29","MO","Missouri",4782645
1974,"29","MO","Missouri",4795930
1975,"29","MO","Missouri",4808308
1976,"29","MO","Missouri",4839029
1977,"29","MO","Missouri",4863173
1978,"29","MO","Missouri",4889399
1979,"29","MO","Missouri",4912430
1980,"29","MO","Missouri",4916686
1981,"29","MO","Missouri",4932064
1982,"29","MO","Missouri",4929451
1983,"29","MO","Missouri",4943733
1984,"29","MO","Missouri",4975278
1985,"29","MO","Missouri",5000268
1986,"29","MO","Missouri",5023068
1987,"29","MO","Missouri",5056696
1988,"29","MO","Missouri",5081736
1989,"29","MO","Missouri",5095830
1990,"29","MO","Missouri",5128880
1991,"29","MO","Missouri",5170800
1992,"29","MO","Missouri",5217101
1993,"29","MO","Missouri",5271175
1994,"29","MO","Missouri",5324497
1995,"29","MO","Missouri",5378247
1996,"29","MO","Missouri",5431553
1997,"29","MO","Missouri",5481193
1998,"29","MO","Missouri",5521765
1999,"29","MO","Missouri",5561948
2000,"29","MO","Missouri",5607285
2001,"29","MO","Missouri",5641142
2002,"29","MO","Missouri",5674825
2003,"29","MO","Missouri",5709403
2004,"29","MO","Missouri",5747741
2005,"29","MO","Missouri",5790300
2006,"29","MO","Missouri",5842704
2007,"29","MO","Missouri",5887612
2008,"29","MO","Missouri",5923916
2009,"29","MO","Missouri",5961088
2010,"29","MO","Missouri",5995974
2011,"29","MO","Missouri",6010275
2012,"29","MO","Missouri",6024367
2013,"29","MO","Missouri",6040715
2014,"29","MO","Missouri",6056202
2015,"29","MO","Missouri",6071732
2016,"29","MO","Missouri",6087135
2017,"29","MO","Missouri",6106670
2018,"29","MO","Missouri",6121623
2019,"29","MO","Missouri",6137428
2020,"29","MO","Missouri",6153998
2021,"29","MO","Missouri",6169823
2022,"29","MO","Missouri",6177957
1970,"30","MT","Montana",694409
1971,"30","MT","Montana",710814
1972,"30","MT","Montana",718732
1973,"30","MT","Montana",726798
1974,"30","MT","Montana",736419
1975,"30","MT","Montana",748208
1976,"30","MT","Montana",757317
1977,"30","MT","Montana",769953
1978,"30","MT","Montana",782317
1979,"30","MT","Montana",787305
1980,"30","MT","Montana",786690
1981,"30","MT","Montana",795328
1982,"30","MT","Montana",803986
1983,"30","MT","Montana",814031
1984,"30","MT","Montana",820905
1985,"30","MT","Montana",822320
1986,"30","MT","Montana",813739
1987,"30","MT","Montana",805063
1988,"30","MT","Montana",800202
1989,"30","MT","Montana",799636
1990,"30","MT","Montana",800204
1991,"30","MT","Montana",809680
1992,"30","MT","Montana",825770
1993,"30","MT","Montana",844761
1994,"30","MT","Montana",861306
1995,"30","MT","Montana",876553
1996,"30","MT","Montana",886254
1997,"30","MT","Montana",889865
1998,"30","MT","Montana",892431
1999,"30","MT","Montana",897507
2000,"30","MT","Montana",903773
2001,"30","MT","Montana",906961
2002,"30","MT","Montana",911667
2003,"30","MT","Montana",919630
2004,"30","MT","Montana",930009
2005,"30","MT","Montana",940102
2006,"30","MT","Montana",952692
2007,"30","MT","Montana",964706
2008,"30","MT","Montana",976415
2009,"30","MT","Montana",983982
2010,"30","MT","Montana",990697
2011,"30","MT","Montana",997316
2012,"30","MT","Montana",1003783
2013,"30","MT","Montana",1013569
2014,"30","MT","Montana",1021869
2015,"30","MT","Montana",1030475
2016,"30","MT","Montana",1040859
2017,"30","MT","Montana",1052482
2018,"30","MT","Montana",1060665
2019,"30","MT","Montana",1068778
2020,"30","MT","Montana",1087075
2021,"30","MT","Montana",1106227
2022,"30","MT","Montana",1122867
1970,"31","NE","Nebraska",1485333
1971,"31","NE","Nebraska",1504604
1972,"31","NE","Nebraska",1519013
1973,"31","NE","Nebraska",1529567
1974,"31","NE","Nebraska",1539191
1975,"31","NE","Nebraska",1543117
1976,"31","NE","Nebraska",1550911
1977,"31","NE","Nebraska",1556842
1978,"31","NE","Nebraska",1563884
1979,"31","NE","Nebraska",1567344
1980,"31","NE","Nebraska",1569825
1981,"31","NE","Nebraska",1578515
1982,"31","NE","Nebraska",1581780
1983,"31","NE","Nebraska",1584293
1984,"31","NE","Nebraska",1588639
1985,"31","NE","Nebraska",1584664
1986,"31","NE","Nebraska",1574333
1987,"31","NE","Nebraska",1566547
1988,"31","NE","Nebraska",1571477
1989,"31","NE","Nebraska",1574864
1990,"31","NE","Nebraska",1581660
1991,"31","NE","Nebraska",1595919
1992,"31","NE","Nebraska",1611687
1993,"31","NE","Nebraska",1625590
1994,"31","NE","Nebraska",1639041
1995,"31","NE","Nebraska",1656992
1996,"31","NE","Nebraska",1673740
1997,"31","NE","Nebraska",1686418
1998,"31","NE","Nebraska",1695816
1999,"31","NE","Nebraska",1704764
2000,"31","NE","Nebraska",1713820
2001,"31","NE","Nebraska",1719836
2002,"31","NE","Nebraska",1728292
2003,"31","NE","Nebraska",1738643
2004,"31","NE","Nebraska",1749370
2005,"31","NE","Nebraska",1761497
2006,"31","NE","Nebraska",1772693
2007,"31","NE","Nebraska",1783440
2008,"31","NE","Nebraska",1796378
2009,"31","NE","Nebraska",1812683
2010,"31","NE","Nebraska",1829542
2011,"31","NE","Nebraska",1840672
2012,"31","NE","Nebraska",1853303
2013,"31","NE","Nebraska",1865279
2014,"31","NE","Nebraska",1879321
2015,"31","NE","Nebraska",1891277
2016,"31","NE","Nebraska",1905616
2017,"31","NE","Nebraska",1915947
2018,"31","NE","Nebraska",1925614
2019,"31","NE","Nebraska",1934408
2020,"31","NE","Nebraska",1962642
2021,"31","NE","Nebraska",1963554
2022,"31","NE","Nebraska",1967923
1970,"32","NV","Nevada",488738
1971,"32","NV","Nevada",520018
1972,"32","NV","Nevada",546789
1973,"32","NV","Nevada",568991
1974,"32","NV","Nevada",596822
1975,"32","NV","Nevada",619972
1976,"32","NV","Nevada",646975
1977,"32","NV","Nevada",678333
1978,"32","NV","Nevada",719436
1979,"32","NV","Nevada",765367
1980,"32","NV","Nevada",800493
1981,"32","NV","Nevada",847655
1982,"32","NV","Nevada",881537
1983,"32","NV","Nevada",901977
1984,"32","NV","Nevada",924922
1985,"32","NV","Nevada",951030
1986,"32","NV","Nevada",980613
1987,"32","NV","Nevada",1023376
1988,"32","NV","Nevada",1075022
1989,"32","NV","Nevada",1137382
1990,"32","NV","Nevada",1220695
1991,"32","NV","Nevada",1296171
1992,"32","NV","Nevada",1351367
1993,"32","NV","Nevada",1411215
1994,"32","NV","Nevada",1499298
1995,"32","NV","Nevada",1581578
1996,"32","NV","Nevada",1666320
1997,"32","NV","Nevada",1764104
1998,"32","NV","Nevada",1853191
1999,"32","NV","Nevada",1934718
2000,"32","NV","Nevada",2018741
2001,"32","NV","Nevada",2098399
2002,"32","NV","Nevada",2173791
2003,"32","NV","Nevada",2248850
2004,"32","NV","Nevada",2346222
2005,"32","NV","Nevada",2432143
2006,"32","NV","Nevada",2522658
2007,"32","NV","Nevada",2601072
2008,"32","NV","Nevada",2653630
2009,"32","NV","Nevada",2684665
2010,"32","NV","Nevada",2702405
2011,"32","NV","Nevada",2712730
2012,"32","NV","Nevada",2743996
2013,"32","NV","Nevada",2775970
2014,"32","NV","Nevada",2817628
2015,"32","NV","Nevada",2866939
2016,"32","NV","Nevada",2917563
2017,"32","NV","Nevada",2969905
2018,"32","NV","Nevada",3027341
2019,"32","NV","Nevada",3080156
2020,"32","NV","Nevada",3115648
2021,"32","NV","Nevada",3146402
2022,"32","NV","Nevada",3177772
1970,"33","NH","New Hampshire",737681
1971,"33","NH","New Hampshire",761851
1972,"33","NH","New Hampshire",781107
1973,"33","NH","New Hampshire",800951
1974,"33","NH","New Hampshire",815914
1975,"33","NH","New Hampshire",828555
1976,"33","NH","New Hampshire",845248
1977,"33","NH","New Hampshire",869763
1978,"33","NH","New Hampshire",891520
1979,"33","NH","New Hampshire",909074
1980,"33","NH","New Hampshire",920610
1981,"33","NH","New Hampshire",936621
1982,"33","NH","New Hampshire",947719
1983,"33","NH","New Hampshire",958134
1984,"33","NH","New Hampshire",976864
1985,"33","NH","New Hampshire",996753
1986,"33","NH","New Hampshire",1025053
1987,"33","NH","New Hampshire",1054289
1988,"33","NH","New Hampshire",1082577
1989,"33","NH","New Hampshire",1104522
1990,"33","NH","New Hampshire",1112384
1991,"33","NH","New Hampshire",1109929
1992,"33","NH","New Hampshire",1117784
1993,"33","NH","New Hampshire",1129458
1994,"33","NH","New Hampshire",1142560
1995,"33","NH","New Hampshire",1157561
1996,"33","NH","New Hampshire",1174719
1997,"33","NH","New Hampshire",1189425
1998,"33","NH","New Hampshire",1205940
1999,"33","NH","New Hampshire",1222014
2000,"33","NH","New Hampshire",1239882
2001,"33","NH","New Hampshire",1255517
2002,"33","NH","New Hampshire",1269089
2003,"33","NH","New Hampshire",1279840
2004,"33","NH","New Hampshire",1290121
2005,"33","NH","New Hampshire",1298492
2006,"33","NH","New Hampshire",1308389
2007,"33","NH","New Hampshire",1312540
2008,"33","NH","New Hampshire",1315906
2009,"33","NH","New Hampshire",1316102
2010,"33","NH","New Hampshire",1316762
2011,"33","NH","New Hampshire",1320202
2012,"33","NH","New Hampshire",1324232
2013,"33","NH","New Hampshire",1326622
2014,"33","NH","New Hampshire",1333341
2015,"33","NH","New Hampshire",1336350
2016,"33","NH","New Hampshire",1342307
2017,"33","NH","New Hampshire",1348787
2018,"33","NH","New Hampshire",1353465
2019,"33","NH","New Hampshire",1359711
2020,"33","NH","New Hampshire",1378587
2021,"33","NH","New Hampshire",1387505
2022,"33","NH","New Hampshire",1395231
1970,"34","NJ","New Jersey",7171112
1971,"34","NJ","New Jersey",7281107
1972,"34","NJ","New Jersey",7335042
1973,"34","NJ","New Jersey",7333083
1974,"34","NJ","New Jersey",7332411
1975,"34","NJ","New Jersey",7337765
1976,"34","NJ","New Jersey",7339745
1977,"34","NJ","New Jersey",7337169
1978,"34","NJ","New Jersey",7350804
1979,"34","NJ","New Jersey",7366512
1980,"34","NJ","New Jersey",7364823
1981,"34","NJ","New Jersey",7407472
1982,"34","NJ","New Jersey",7430968
1983,"34","NJ","New Jersey",7467785
1984,"34","NJ","New Jersey",7515473
1985,"34","NJ","New Jersey",7565528
1986,"34","NJ","New Jersey",7622159
1987,"34","NJ","New Jersey",7670742
1988,"34","NJ","New Jersey",7712333
1989,"34","NJ","New Jersey",7726089
1990,"34","NJ","New Jersey",7762963
1991,"34","NJ","New Jersey",7814676
1992,"34","NJ","New Jersey",7880508
1993,"34","NJ","New Jersey",7948915
1994,"34","NJ","New Jersey",8014306
1995,"34","NJ","New Jersey",8083242
1996,"34","NJ","New Jersey",8149596
1997,"34","NJ","New Jersey",8218808
1998,"34","NJ","New Jersey",8287418
1999,"34","NJ","New Jersey",8359592
2000,"34","NJ","New Jersey",8430621
2001,"34","NJ","New Jersey",8492671
2002,"34","NJ","New Jersey",8552643
2003,"34","NJ","New Jersey",8601402
2004,"34","NJ","New Jersey",8634561
2005,"34","NJ","New Jersey",8651974
2006,"34","NJ","New Jersey",8661679
2007,"34","NJ","New Jersey",8677885
2008,"34","NJ","New Jersey",8711090
2009,"34","NJ","New Jersey",8755602
2010,"34","NJ","New Jersey",8799446
2011,"34","NJ","New Jersey",8828117
2012,"34","NJ","New Jersey",8844942
2013,"34","NJ","New Jersey",8856972
2014,"34","NJ","New Jersey",8864525
2015,"34","NJ","New Jersey",8867949
2016,"34","NJ","New Jersey",8870827
2017,"34","NJ","New Jersey",8885525
2018,"34","NJ","New Jersey",8886025
2019,"34","NJ","New Jersey",8882190
2020,"34","NJ","New Jersey",9271689
2021,"34","NJ","New Jersey",9267961
2022,"34","NJ","New Jersey",9261699
1970,"35","NM","New Mexico",1017055
1971,"35","NM","New Mexico",1053737
1972,"35","NM","New Mexico",1078697
1973,"35","NM","New Mexico",1105529
1974,"35","NM","New Mexico",1131309
1975,"35","NM","New Mexico",1159944
1976,"35","NM","New Mexico",1189295
1977,"35","NM","New Mexico",1215720
1978,"35","NM","New Mexico",1238034
1979,"35","NM","New Mexico",1284722
1980,"35","NM","New Mexico",1302894
1981,"35","NM","New Mexico",1332748
1982,"35","NM","New Mexico",1363823
1983,"35","NM","New Mexico",1394361
1984,"35","NM","New Mexico",1416717
1985,"35","NM","New Mexico",1438361
1986,"35","NM","New Mexico",1462729
1987,"35","NM","New Mexico",1478520
1988,"35","NM","New Mexico",1490337
1989,"35","NM","New Mexico",1503901
1990,"35","NM","New Mexico",1521574
1991,"35","NM","New Mexico",1555305
1992,"35","NM","New Mexico",1595442
1993,"35","NM","New Mexico",1636453
1994,"35","NM","New Mexico",1682398
1995,"35","NM","New Mexico",1720394
1996,"35","NM","New Mexico",1752326
1997,"35","NM","New Mexico",1774839
1998,"35","NM","New Mexico",1793484
1999,"35","NM","New Mexico",1808082
2000,"35","NM","New Mexico",1821204
2001,"35","NM","New Mexico",1831690
2002,"35","NM","New Mexico",1855309
2003,"35","NM","New Mexico",1877574
2004,"35","NM","New Mexico",1903808
2005,"35","NM","New Mexico",1932274
2006,"35","NM","New Mexico",1962137
2007,"35","NM","New Mexico",1990070
2008,"35","NM","New Mexico",2010662
2009,"35","NM","New Mexico",2036802
2010,"35","NM","New Mexico",2064552
2011,"35","NM","New Mexico",2080450
2012,"35","NM","New Mexico",2087309
2013,"35","NM","New Mexico",2092273
2014,"35","NM","New Mexico",2089568
2015,"35","NM","New Mexico",2089291
2016,"35","NM","New Mexico",2091630
2017,"35","NM","New Mexico",2091784
2018,"35","NM","New Mexico",2092741
2019,"35","NM","New Mexico",2096829
2020,"35","NM","New Mexico",2118390
2021,"35","NM","New Mexico",2116677
2022,"35","NM","New Mexico",2113344
1970,"36","NY","New York",18241391
1971,"36","NY","New York",18357982
1972,"36","NY","New York",18339400
1973,"36","NY","New York",18177063
1974,"36","NY","New York",18049775
1975,"36","NY","New York",18003485
1976,"36","NY","New York",17940541
1977,"36","NY","New York",17812602
1978,"36","NY","New York",17680589
1979,"36","NY","New York",17583838
1980,"36","NY","New York",17558072
1981,"36","NY","New York",17567734
1982,"36","NY","New York",17589738
1983,"36","NY","New York",17686905
1984,"36","NY","New York",17745684
1985,"36","NY","New York",17791672
1986,"36","NY","New York",17833419
1987,"36","NY","New York",17868848
1988,"36","NY","New York",17941309
1989,"36","NY","New York",17983086
1990,"36","NY","New York",18020784
1991,"36","NY","New York",18122510
1992,"36","NY","New York",18246653
1993,"36","NY","New York",18374954
1994,"36","NY","New York",18459470
1995,"36","NY","New York",18524104
1996,"36","NY","New York",18588460
1997,"36","NY","New York",18656546
1998,"36","NY","New York",18755906
1999,"36","NY","New York",18882725
2000,"36","NY","New York",19001780
2001,"36","NY","New York",19082838
2002,"36","NY","New York",19137800
2003,"36","NY","New York",19175939
2004,"36","NY","New York",19171567
2005,"36","NY","New York",19132610
2006,"36","NY","New York",19104631
2007,"36","NY","New York",19132335
2008,"36","NY","New York",19212436
2009,"36","NY","New York",19307066
2010,"36","NY","New York",19399878
2011,"36","NY","New York",19499241
2012,"36","NY","New York",19572932
2013,"36","NY","New York",19624447
2014,"36","NY","New York",19651049
2015,"36","NY","New York",19654666
2016,"36","NY","New York",19633428
2017,"36","NY","New York",19589572
2018,"36","NY","New York",19530351
2019,"36","NY","New York",19453561
2020,"36","NY","New York",20108296
2021,"36","NY","New York",19857492
2022,"36","NY","New York",19677151
1970,"37","NC","North Carolina",5084411
1971,"37","NC","North Carolina",5203531
1972,"37","NC","North Carolina",5301150
1973,"37","NC","North Carolina",5389852
1974,"37","NC","North Carolina",5470911
1975,"37","NC","North Carolina",5547188
1976,"37","NC","North Carolina",5607964
1977,"37","NC","North Carolina",5685607
1978,"37","NC","North Carolina",5759492
1979,"37","NC","North Carolina",5823491
1980,"37","NC","North Carolina",5881766
1981,"37","NC","North Carolina",5956653
1982,"37","NC","North Carolina",6019101
1983,"37","NC","North Carolina",6077056
1984,"37","NC","North Carolina",6164006
1985,"37","NC","North Carolina",6253954
1986,"37","NC","North Carolina",6321578
1987,"37","NC","North Carolina",6403700
1988,"37","NC","North Carolina",6480594
1989,"37","NC","North Carolina",6565459
1990,"37","NC","North Carolina",6664016
1991,"37","NC","North Carolina",6784280
1992,"37","NC","North Carolina",6897214
1993,"37","NC","North Carolina",7042818
1994,"37","NC","North Carolina",7187398
1995,"37","NC","North Carolina",7344674
1996,"37","NC","North Carolina",7500670
1997,"37","NC","North Carolina",7656825
1998,"37","NC","North Carolina",7809121
1999,"37","NC","North Carolina",7949361
2000,"37","NC","North Carolina",8081614
2001,"37","NC","North Carolina",8210122
2002,"37","NC","North Carolina",8326201
2003,"37","NC","North Carolina",8422501
2004,"37","NC","North Carolina",8553152
2005,"37","NC","North Carolina",8705407
2006,"37","NC","North Carolina",8917270
2007,"37","NC","North Carolina",9118037
2008,"37","NC","North Carolina",9309449
2009,"37","NC","North Carolina",9449566
2010,"37","NC","North Carolina",9574323
2011,"37","NC","North Carolina",9657592
2012,"37","NC","North Carolina",9749476
2013,"37","NC","North Carolina",9843336
2014,"37","NC","North Carolina",9932887
2015,"37","NC","North Carolina",10031646
2016,"37","NC","North Carolina",10154788
2017,"37","NC","North Carolina",10268233
2018,"37","NC","North Carolina",10381615
2019,"37","NC","North Carolina",10488084
2020,"37","NC","North Carolina",10449445
2021,"37","NC","North Carolina",10565885
2022,"37","NC","North Carolina",10698973
1970,"38","ND","North Dakota",617792
1971,"38","ND","North Dakota",626760
1972,"38","ND","North Dakota",631119
1973,"38","ND","North Dakota",632675
1974,"38","ND","North Dakota",634559
1975,"38","ND","North Dakota",638886
1976,"38","ND","North Dakota",645797
1977,"38","ND","North Dakota",649769
1978,"38","ND","North Dakota",651301
1979,"38","ND","North Dakota",652896
1980,"38","ND","North Dakota",652717
1981,"38","ND","North Dakota",659505
1982,"38","ND","North Dakota",668972
1983,"38","ND","North Dakota",676688
1984,"38","ND","North Dakota",680497
1985,"38","ND","North Dakota",676980
1986,"38","ND","North Dakota",669512
1987,"38","ND","North Dakota",661136
1988,"38","ND","North Dakota",655331
1989,"38","ND","North Dakota",646351
1990,"38","ND","North Dakota",637685
1991,"38","ND","North Dakota",635753
1992,"38","ND","North Dakota",638223
1993,"38","ND","North Dakota",641216
1994,"38","ND","North Dakota",644804
1995,"38","ND","North Dakota",647832
1996,"38","ND","North Dakota",650382
1997,"38","ND","North Dakota",649716
1998,"38","ND","North Dakota",647532
1999,"38","ND","North Dakota",644259
2000,"38","ND","North Dakota",642023
2001,"38","ND","North Dakota",639062
2002,"38","ND","North Dakota",638168
2003,"38","ND","North Dakota",638817
2004,"38","ND","North Dakota",644705
2005,"38","ND","North Dakota",646089
2006,"38","ND","North Dakota",649422
2007,"38","ND","North Dakota",652822
2008,"38","ND","North Dakota",657569
2009,"38","ND","North Dakota",664968
2010,"38","ND","North Dakota",674715
2011,"38","ND","North Dakota",685225
2012,"38","ND","North Dakota",701176
2013,"38","ND","North Dakota",722036
2014,"38","ND","North Dakota",737401
2015,"38","ND","North Dakota",754066
2016,"38","ND","North Dakota",754434
2017,"38","ND","North Dakota",754942
2018,"38","ND","North Dakota",758080
2019,"38","ND","North Dakota",762062
2020,"38","ND","North Dakota",779518
2021,"38","ND","North Dakota",777934
2022,"38","ND","North Dakota",779261
1970,"39","OH","Ohio",10657423
1971,"39","OH","Ohio",10734818
1972,"39","OH","Ohio",10746993
1973,"39","OH","Ohio",10767314
1974,"39","OH","Ohio",10765759
1975,"39","OH","Ohio",10770425
1976,"39","OH","Ohio",10752662
1977,"39","OH","Ohio",10771394
1978,"39","OH","Ohio",10795581
1979,"39","OH","Ohio",10798298
1980,"39","OH","Ohio",10797630
1981,"39","OH","Ohio",10788330
1982,"39","OH","Ohio",10757087
1983,"39","OH","Ohio",10737632
1984,"39","OH","Ohio",10737746
1985,"39","OH","Ohio",10734926
1986,"39","OH","Ohio",10730268
1987,"39","OH","Ohio",10760090
1988,"39","OH","Ohio",10798552
1989,"39","OH","Ohio",10829217
1990,"39","OH","Ohio",10864162
1991,"39","OH","Ohio",10945762
1992,"39","OH","Ohio",11029431
1993,"39","OH","Ohio",11101140
1994,"39","OH","Ohio",11152454
1995,"39","OH","Ohio",11202751
1996,"39","OH","Ohio",11242827
1997,"39","OH","Ohio",11277357
1998,"39","OH","Ohio",11311536
1999,"39","OH","Ohio",11335454
2000,"39","OH","Ohio",11363543
2001,"39","OH","Ohio",11387404
2002,"39","OH","Ohio",11407889
2003,"39","OH","Ohio",11434788
2004,"39","OH","Ohio",11452251
2005,"39","OH","Ohio",11463320
2006,"39","OH","Ohio",11481213
2007,"39","OH","Ohio",11500468
2008,"39","OH","Ohio",11515391
2009,"39","OH","Ohio",11528896
2010,"39","OH","Ohio",11539336
2011,"39","OH","Ohio",11544663
2012,"39","OH","Ohio",11548923
2013,"39","OH","Ohio",11576684
2014,"39","OH","Ohio",11602700
2015,"39","OH","Ohio",11617527
2016,"39","OH","Ohio",11634370
2017,"39","OH","Ohio",11659650
2018,"39","OH","Ohio",11676341
2019,"39","OH","Ohio",11689100
2020,"39","OH","Ohio",11797517
2021,"39","OH","Ohio",11764342
2022,"39","OH","Ohio",11756058
1970,"40","OK","Oklahoma",2559463
1971,"40","OK","Oklahoma",2618601
1972,"40","OK","Oklahoma",2658646
1973,"40","OK","Oklahoma",2695931
1974,"40","OK","Oklahoma",2734768
1975,"40","OK","Oklahoma",2774683
1976,"40","OK","Oklahoma",2826815
1977,"40","OK","Oklahoma",2870014
1978,"40","OK","Oklahoma",2917336
1979,"40","OK","Oklahoma",2975310
1980,"40","OK","Oklahoma",3025290
1981,"40","OK","Oklahoma",3096164
1982,"40","OK","Oklahoma",3206123
1983,"40","OK","Oklahoma",3290402
1984,"40","OK","Oklahoma",3285533
1985,"40","OK","Oklahoma",3271332
1986,"40","OK","Oklahoma",3252735
1987,"40","OK","Oklahoma",3210122
1988,"40","OK","Oklahoma",3167057
1989,"40","OK","Oklahoma",3150307
1990,"40","OK","Oklahoma",3148825
1991,"40","OK","Oklahoma",3175440
1992,"40","OK","Oklahoma",3220517
1993,"40","OK","Oklahoma",3252285
1994,"40","OK","Oklahoma",3280940
1995,"40","OK","Oklahoma",3308208
1996,"40","OK","Oklahoma",3340129
1997,"40","OK","Oklahoma",3372917
1998,"40","OK","Oklahoma",3405194
1999,"40","OK","Oklahoma",3437147
2000,"40","OK","Oklahoma",3454365
2001,"40","OK","Oklahoma",3467100
2002,"40","OK","Oklahoma",3489080
2003,"40","OK","Oklahoma",3504892
2004,"40","OK","Oklahoma",3525233
2005,"40","OK","Oklahoma",3548597
2006,"40","OK","Oklahoma",3594090
2007,"40","OK","Oklahoma",3634349
2008,"40","OK","Oklahoma",3668976
2009,"40","OK","Oklahoma",3717572
2010,"40","OK","Oklahoma",3759944
2011,"40","OK","Oklahoma",3788379
2012,"40","OK","Oklahoma",3818814
2013,"40","OK","Oklahoma",3853214
2014,"40","OK","Oklahoma",3878187
2015,"40","OK","Oklahoma",3909500
2016,"40","OK","Oklahoma",3926331
2017,"40","OK","Oklahoma",3931316
2018,"40","OK","Oklahoma",3940235
2019,"40","OK","Oklahoma",3956971
2020,"40","OK","Oklahoma",3964912
2021,"40","OK","Oklahoma",3991225
2022,"40","OK","Oklahoma",4019800
1970,"41","OR","Oregon",2091533
1971,"41","OR","Oregon",2151022
1972,"41","OR","Oregon",2197297
1973,"41","OR","Oregon",2241932
1974,"41","OR","Oregon",2285013
1975,"41","OR","Oregon",2329661
1976,"41","OR","Oregon",2378262
1977,"41","OR","Oregon",2446673
1978,"41","OR","Oregon",2518298
1979,"41","OR","Oregon",2588012
1980,"41","OR","Oregon",2633105
1981,"41","OR","Oregon",2667982
1982,"41","OR","Oregon",2664922
1983,"41","OR","Oregon",2653066
1984,"41","OR","Oregon",2666588
1985,"41","OR","Oregon",2672652
1986,"41","OR","Oregon",2683528
1987,"41","OR","Oregon",2700991
1988,"41","OR","Oregon",2741297
1989,"41","OR","Oregon",2790575
1990,"41","OR","Oregon",2860375
1991,"41","OR","Oregon",2928507
1992,"41","OR","Oregon",2991755
1993,"41","OR","Oregon",3060367
1994,"41","OR","Oregon",3121264
1995,"41","OR","Oregon",3184369
1996,"41","OR","Oregon",3247111
1997,"41","OR","Oregon",3304310
1998,"41","OR","Oregon",3352449
1999,"41","OR","Oregon",3393941
2000,"41","OR","Oregon",3429708
2001,"41","OR","Oregon",3467937
2002,"41","OR","Oregon",3513424
2003,"41","OR","Oregon",3547376
2004,"41","OR","Oregon",3569463
2005,"41","OR","Oregon",3613202
2006,"41","OR","Oregon",3670883
2007,"41","OR","Oregon",3722417
2008,"41","OR","Oregon",3768748
2009,"41","OR","Oregon",3808600
2010,"41","OR","Oregon",3837491
2011,"41","OR","Oregon",3872036
2012,"41","OR","Oregon",3899001
2013,"41","OR","Oregon",3922468
2014,"41","OR","Oregon",3963244
2015,"41","OR","Oregon",4015792
2016,"41","OR","Oregon",4089976
2017,"41","OR","Oregon",4143625
2018,"41","OR","Oregon",4181886
2019,"41","OR","Oregon",4217737
2020,"41","OR","Oregon",4244795
2021,"41","OR","Oregon",4256301
2022,"41","OR","Oregon",4240137
1970,"42","PA","Pennsylvania",11800766
1971,"42","PA","Pennsylvania",11886400
1972,"42","PA","Pennsylvania",11908233
1973,"42","PA","Pennsylvania",11890527
1974,"42","PA","Pennsylvania",11870884
1975,"42","PA","Pennsylvania",11906095
1976,"42","PA","Pennsylvania",11897378
1977,"42","PA","Pennsylvania",11893591
1978,"42","PA","Pennsylvania",11879396
1979,"42","PA","Pennsylvania",11887975
1980,"42","PA","Pennsylvania",11863895
1981,"42","PA","Pennsylvania",11858567
1982,"42","PA","Pennsylvania",11845146
1983,"42","PA","Pennsylvania",11837723
1984,"42","PA","Pennsylvania",11815172
1985,"42","PA","Pennsylvania",11770862
1986,"42","PA","Pennsylvania",11782752
1987,"42","PA","Pennsylvania",11810866
1988,"42","PA","Pennsylvania",11845752
1989,"42","PA","Pennsylvania",11865996
1990,"42","PA","Pennsylvania",11903299
1991,"42","PA","Pennsylvania",11982164
1992,"42","PA","Pennsylvania",12049450
1993,"42","PA","Pennsylvania",12119724
1994,"42","PA","Pennsylvania",12166050
1995,"42","PA","Pennsylvania",12198403
1996,"42","PA","Pennsylvania",12220464
1997,"42","PA","Pennsylvania",12227814
1998,"42","PA","Pennsylvania",12245672
1999,"42","PA","Pennsylvania",12263805
2000,"42","PA","Pennsylvania",12284173
2001,"42","PA","Pennsylvania",12298970
2002,"42","PA","Pennsylvania",12331031
2003,"42","PA","Pennsylvania",12374658
2004,"42","PA","Pennsylvania",12410722
2005,"42","PA","Pennsylvania",12449990
2006,"42","PA","Pennsylvania",12510809
2007,"42","PA","Pennsylvania",12563937
2008,"42","PA","Pennsylvania",12612285
2009,"42","PA","Pennsylvania",12666858
2010,"42","PA","Pennsylvania",12711160
2011,"42","PA","Pennsylvania",12745815
2012,"42","PA","Pennsylvania",12767118
2013,"42","PA","Pennsylvania",12776309
2014,"42","PA","Pennsylvania",12788313
2015,"42","PA","Pennsylvania",12784826
2016,"42","PA","Pennsylvania",12782275
2017,"42","PA","Pennsylvania",12787641
2018,"42","PA","Pennsylvania",12800922
2019,"42","PA","Pennsylvania",12801989
2020,"42","PA","Pennsylvania",12994440
2021,"42","PA","Pennsylvania",13012059
2022,"42","PA","Pennsylvania",12972008
1970,"44","RI","Rhode Island",949723
1971,"44","RI","Rhode Island",963107
1972,"44","RI","Rhode Island",974790
1973,"44","RI","Rhode Island",975738
1974,"44","RI","Rhode Island",950615
1975,"44","RI","Rhode Island",942788
1976,"44","RI","Rhode Island",946089
1977,"44","RI","Rhode Island",950230
1978,"44","RI","Rhode Island",951816
1979,"44","RI","Rhode Island",950382
1980,"44","RI","Rhode Island",947154
1981,"44","RI","Rhode Island",953013
1982,"44","RI","Rhode Island",954170
1983,"44","RI","Rhode Island",956382
1984,"44","RI","Rhode Island",961894
1985,"44","RI","Rhode Island",968955
1986,"44","RI","Rhode Island",977341
1987,"44","RI","Rhode Island",989604
1988,"44","RI","Rhode Island",996408
1989,"44","RI","Rhode Island",1000666
1990,"44","RI","Rhode Island",1005995
1991,"44","RI","Rhode Island",1010649
1992,"44","RI","Rhode Island",1012581
1993,"44","RI","Rhode Island",1015112
1994,"44","RI","Rhode Island",1015960
1995,"44","RI","Rhode Island",1017002
1996,"44","RI","Rhode Island",1020893
1997,"44","RI","Rhode Island",1025353
1998,"44","RI","Rhode Island",1031155
1999,"44","RI","Rhode Island",1040402
2000,"44","RI","Rhode Island",1050268
2001,"44","RI","Rhode Island",1057142
2002,"44","RI","Rhode Island",1065995
2003,"44","RI","Rhode Island",1071342
2004,"44","RI","Rhode Island",1074579
2005,"44","RI","Rhode Island",1067916
2006,"44","RI","Rhode Island",1063096
2007,"44","RI","Rhode Island",1057315
2008,"44","RI","Rhode Island",1055003
2009,"44","RI","Rhode Island",1053646
2010,"44","RI","Rhode Island",1053959
2011,"44","RI","Rhode Island",1053649
2012,"44","RI","Rhode Island",1054621
2013,"44","RI","Rhode Island",1055081
2014,"44","RI","Rhode Island",1055936
2015,"44","RI","Rhode Island",1056065
2016,"44","RI","Rhode Island",1056770
2017,"44","RI","Rhode Island",1055673
2018,"44","RI","Rhode Island",1058287
2019,"44","RI","Rhode Island",1059361
2020,"44","RI","Rhode Island",1096345
2021,"44","RI","Rhode Island",1096985
2022,"44","RI","Rhode Island",1093734
1970,"45","SC","South Carolina",2590713
1971,"45","SC","South Carolina",2662269
1972,"45","SC","South Carolina",2719197
1973,"45","SC","South Carolina",2776605
1974,"45","SC","South Carolina",2844749
1975,"45","SC","South Carolina",2902028
1976,"45","SC","South Carolina",2943657
1977,"45","SC","South Carolina",2991681
1978,"45","SC","South Carolina",3044364
1979,"45","SC","South Carolina",3090267
1980,"45","SC","South Carolina",3121820
1981,"45","SC","South Carolina",3179255
1982,"45","SC","South Carolina",3207614
1983,"45","SC","South Carolina",3234066
1984,"45","SC","South Carolina",3271868
1985,"45","SC","South Carolina",3303209
1986,"45","SC","South Carolina",3342758
1987,"45","SC","South Carolina",3380506
1988,"45","SC","South Carolina",3412096
1989,"45","SC","South Carolina",3456775
1990,"45","SC","South Carolina",3501155
1991,"45","SC","South Carolina",3570404
1992,"45","SC","South Carolina",3620464
1993,"45","SC","South Carolina",3663314
1994,"45","SC","South Carolina",3705397
1995,"45","SC","South Carolina",3748582
1996,"45","SC","South Carolina",3796200
1997,"45","SC","South Carolina",3859696
1998,"45","SC","South Carolina",3919235
1999,"45","SC","South Carolina",3974682
2000,"45","SC","South Carolina",4024223
2001,"45","SC","South Carolina",4064995
2002,"45","SC","South Carolina",4107795
2003,"45","SC","South Carolina",4150297
2004,"45","SC","South Carolina",4210921
2005,"45","SC","South Carolina",4270150
2006,"45","SC","South Carolina",4357847
2007,"45","SC","South Carolina",4444110
2008,"45","SC","South Carolina",4528996
2009,"45","SC","South Carolina",4589872
2010,"45","SC","South Carolina",4635649
2011,"45","SC","South Carolina",4671994
2012,"45","SC","South Carolina",4717354
2013,"45","SC","South Carolina",4764080
2014,"45","SC","South Carolina",4823617
2015,"45","SC","South Carolina",4891938
2016,"45","SC","South Carolina",4957968
2017,"45","SC","South Carolina",5021268
2018,"45","SC","South Carolina",5084156
2019,"45","SC","South Carolina",5148714
2020,"45","SC","South Carolina",5131848
2021,"45","SC","South Carolina",5193266
2022,"45","SC","South Carolina",5282634
1970,"46","SD","South Dakota",666257
1971,"46","SD","South Dakota",671297
1972,"46","SD","South Dakota",677234
1973,"46","SD","South Dakota",678715
1974,"46","SD","South Dakota",679585
1975,"46","SD","South Dakota",681042
1976,"46","SD","South Dakota",686390
1977,"46","SD","South Dakota",688480
1978,"46","SD","South Dakota",688580
1979,"46","SD","South Dakota",688335
1980,"46","SD","South Dakota",690768
1981,"46","SD","South Dakota",689584
1982,"46","SD","South Dakota",690597
1983,"46","SD","South Dakota",693008
1984,"46","SD","South Dakota",697249
1985,"46","SD","South Dakota",698402
1986,"46","SD","South Dakota",696034
1987,"46","SD","South Dakota",696036
1988,"46","SD","South Dakota",698165
1989,"46","SD","South Dakota",696701
1990,"46","SD","South Dakota",697101
1991,"46","SD","South Dakota",703669
1992,"46","SD","South Dakota",712801
1993,"46","SD","South Dakota",722159
1994,"46","SD","South Dakota",730790
1995,"46","SD","South Dakota",737925
1996,"46","SD","South Dakota",742213
1997,"46","SD","South Dakota",744223
1998,"46","SD","South Dakota",746058
1999,"46","SD","South Dakota",750412
2000,"46","SD","South Dakota",755844
2001,"46","SD","South Dakota",757972
2002,"46","SD","South Dakota",760020
2003,"46","SD","South Dakota",763729
2004,"46","SD","South Dakota",770396
2005,"46","SD","South Dakota",775493
2006,"46","SD","South Dakota",783033
2007,"46","SD","South Dakota",791623
2008,"46","SD","South Dakota",799124
2009,"46","SD","South Dakota",807067
2010,"46","SD","South Dakota",816166
2011,"46","SD","South Dakota",823579
2012,"46","SD","South Dakota",833566
2013,"46","SD","South Dakota",842316
2014,"46","SD","South Dakota",849129
2015,"46","SD","South Dakota",853988
2016,"46","SD","South Dakota",862996
2017,"46","SD","South Dakota",872868
2018,"46","SD","South Dakota",878698
2019,"46","SD","South Dakota",884659
2020,"46","SD","South Dakota",887799
2021,"46","SD","South Dakota",896164
2022,"46","SD","South Dakota",909824
1970,"47","TN","Tennessee",3926018
1971,"47","TN","Tennessee",4013608
1972,"47","TN","Tennessee",4094611
1973,"47","TN","Tennessee",4147401
1974,"47","TN","Tennessee",4213509
1975,"47","TN","Tennessee",4275566
1976,"47","TN","Tennessee",4346928
1977,"47","TN","Tennessee",4422921
1978,"47","TN","Tennessee",4486314
1979,"47","TN","Tennessee",4560473
1980,"47","TN","Tennessee",4591120
1981,"47","TN","Tennessee",4627658
1982,"47","TN","Tennessee",4646041
1983,"47","TN","Tennessee",4659749
1984,"47","TN","Tennessee",4686737
1985,"47","TN","Tennessee",4715296
1986,"47","TN","Tennessee",4738708
1987,"47","TN","Tennessee",4782927
1988,"47","TN","Tennessee",4822437
1989,"47","TN","Tennessee",4854444
1990,"47","TN","Tennessee",4894492
1991,"47","TN","Tennessee",4966587
1992,"47","TN","Tennessee",5049742
1993,"47","TN","Tennessee",5137584
1994,"47","TN","Tennessee",5231438
1995,"47","TN","Tennessee",5326936
1996,"47","TN","Tennessee",5416643
1997,"47","TN","Tennessee",5499233
1998,"47","TN","Tennessee",5570045
1999,"47","TN","Tennessee",5638706
2000,"47","TN","Tennessee",5703719
2001,"47","TN","Tennessee",5750789
2002,"47","TN","Tennessee",5795918
2003,"47","TN","Tennessee",5847812
2004,"47","TN","Tennessee",5910809
2005,"47","TN","Tennessee",5991057
2006,"47","TN","Tennessee",6088766
2007,"47","TN","Tennessee",6175727
2008,"47","TN","Tennessee",6247411
2009,"47","TN","Tennessee",6306019
2010,"47","TN","Tennessee",6355311
2011,"47","TN","Tennessee",6399291
2012,"47","TN","Tennessee",6453898
2013,"47","TN","Tennessee",6494340
2014,"47","TN","Tennessee",6541223
2015,"47","TN","Tennessee",6591170
2016,"47","TN","Tennessee",6646010
2017,"47","TN","Tennessee",6708799
2018,"47","TN","Tennessee",6771631
2019,"47","TN","Tennessee",6829174
2020,"47","TN","Tennessee",6925619
2021,"47","TN","Tennessee",6968351
2022,"47","TN","Tennessee",7051339
1970,"48","TX","Texas",11198655
1971,"48","TX","Texas",11509848
1972,"48","TX","Texas",11759148
1973,"48","TX","Texas",12019543
1974,"48","TX","Texas",12268629
1975,"48","TX","Texas",12568843
1976,"48","TX","Texas",12904089
1977,"48","TX","Texas",13193050
1978,"48","TX","Texas",13500429
1979,"48","TX","Texas",13888371
1980,"48","TX","Texas",14229191
1981,"48","TX","Texas",14746318
1982,"48","TX","Texas",15331415
1983,"48","TX","Texas",15751676
1984,"48","TX","Texas",16007086
1985,"48","TX","Texas",16272734
1986,"48","TX","Texas",16561113
1987,"48","TX","Texas",16621791
1988,"48","TX","Texas",16667022
1989,"48","TX","Texas",16806735
1990,"48","TX","Texas",17056755
1991,"48","TX","Texas",17398005
1992,"48","TX","Texas",17759738
1993,"48","TX","Texas",18161612
1994,"48","TX","Texas",18564062
1995,"48","TX","Texas",18958751
1996,"48","TX","Texas",19340342
1997,"48","TX","Texas",19740317
1998,"48","TX","Texas",20157531
1999,"48","TX","Texas",20558220
2000,"48","TX","Texas",20944499
2001,"48","TX","Texas",21319622
2002,"48","TX","Texas",21690325
2003,"48","TX","Texas",22030931
2004,"48","TX","Texas",22394023
2005,"48","TX","Texas",22778123
2006,"48","TX","Texas",23359580
2007,"48","TX","Texas",23831983
2008,"48","TX","Texas",24309039
2009,"48","TX","Texas",24801761
2010,"48","TX","Texas",25241971
2011,"48","TX","Texas",25645629
2012,"48","TX","Texas",26084481
2013,"48","TX","Texas",26480266
2014,"48","TX","Texas",26964333
2015,"48","TX","Texas",27470056
2016,"48","TX","Texas",27914410
2017,"48","TX","Texas",28295273
2018,"48","TX","Texas",28628666
2019,"48","TX","Texas",28995881
2020,"48","TX","Texas",29232474
2021,"48","TX","Texas",29558864
2022,"48","TX","Texas",30029572
1970,"49","UT","Utah",1059273
1971,"49","UT","Utah",1101192
1972,"49","UT","Utah",1135449
1973,"49","UT","Utah",1170040
1974,"49","UT","Utah",1200471
1975,"49","UT","Utah",1236030
1976,"49","UT","Utah",1274928
1977,"49","UT","Utah",1319512
1978,"49","UT","Utah",1367510
1979,"49","UT","Utah",1420238
1980,"49","UT","Utah",1461037
1981,"49","UT","Utah",1515471
1982,"49","UT","Utah",1558314
1983,"49","UT","Utah",1594943
1984,"49","UT","Utah",1622342
1985,"49","UT","Utah",1642910
1986,"49","UT","Utah",1662834
1987,"49","UT","Utah",1678119
1988,"49","UT","Utah",1689372
1989,"49","UT","Utah",1705864
1990,"49","UT","Utah",1731223
1991,"49","UT","Utah",1779780
1992,"49","UT","Utah",1836799
1993,"49","UT","Utah",1898404
1994,"49","UT","Utah",1960446
1995,"49","UT","Utah",2014177
1996,"49","UT","Utah",2067976
1997,"49","UT","Utah",2119784
1998,"49","UT","Utah",2165960
1999,"49","UT","Utah",2203482
2000,"49","UT","Utah",2244502
2001,"49","UT","Utah",2283715
2002,"49","UT","Utah",2324815
2003,"49","UT","Utah",2360137
2004,"49","UT","Utah",2401580
2005,"49","UT","Utah",2457719
2006,"49","UT","Utah",2525507
2007,"49","UT","Utah",2597746
2008,"49","UT","Utah",2663029
2009,"49","UT","Utah",2723421
2010,"49","UT","Utah",2775332
2011,"49","UT","Utah",2814384
2012,"49","UT","Utah",2853375
2013,"49","UT","Utah",2897640
2014,"49","UT","Utah",2936879
2015,"49","UT","Utah",2981835
2016,"49","UT","Utah",3041868
2017,"49","UT","Utah",3101042
2018,"49","UT","Utah",3153550
2019,"49","UT","Utah",3205958
2020,"49","UT","Utah",3283785
2021,"49","UT","Utah",3339113
2022,"49","UT","Utah",3380800
1970,"50","VT","Vermont",444732
1971,"50","VT","Vermont",454318
1972,"50","VT","Vermont",463143
1973,"50","VT","Vermont",468430
1974,"50","VT","Vermont",473002
1975,"50","VT","Vermont",479713
1976,"50","VT","Vermont",484928
1977,"50","VT","Vermont",491931
1978,"50","VT","Vermont",498109
1979,"50","VT","Vermont",505372
1980,"50","VT","Vermont",511456
1981,"50","VT","Vermont",515594
1982,"50","VT","Vermont",519109
1983,"50","VT","Vermont",523302
1984,"50","VT","Vermont",526660
1985,"50","VT","Vermont",530035
1986,"50","VT","Vermont",534066
1987,"50","VT","Vermont",540267
1988,"50","VT","Vermont",549763
1989,"50","VT","Vermont",557707
1990,"50","VT","Vermont",564798
1991,"50","VT","Vermont",568606
1992,"50","VT","Vermont",572751
1993,"50","VT","Vermont",577748
1994,"50","VT","Vermont",583836
1995,"50","VT","Vermont",589002
1996,"50","VT","Vermont",593701
1997,"50","VT","Vermont",597239
1998,"50","VT","Vermont",600416
1999,"50","VT","Vermont",604683
2000,"50","VT","Vermont",609618
2001,"50","VT","Vermont",612223
2002,"50","VT","Vermont",615442
2003,"50","VT","Vermont",617858
2004,"50","VT","Vermont",619920
2005,"50","VT","Vermont",621215
2006,"50","VT","Vermont",622892
2007,"50","VT","Vermont",623481
2008,"50","VT","Vermont",624151
2009,"50","VT","Vermont",624817
2010,"50","VT","Vermont",625879
2011,"50","VT","Vermont",627049
2012,"50","VT","Vermont",626090
2013,"50","VT","Vermont",626210
2014,"50","VT","Vermont",625214
2015,"50","VT","Vermont",625216
2016,"50","VT","Vermont",623657
2017,"50","VT","Vermont",624344
2018,"50","VT","Vermont",624358
2019,"50","VT","Vermont",623989
2020,"50","VT","Vermont",642893
2021,"50","VT","Vermont",646972
2022,"50","VT","Vermont",647064
1970,"51","VA","Virginia",4651448
1971,"51","VA","Virginia",4750838
1972,"51","VA","Virginia",4824472
1973,"51","VA","Virginia",4901292
1974,"51","VA","Virginia",4971069
1975,"51","VA","Virginia",5047395
1976,"51","VA","Virginia",5121863
1977,"51","VA","Virginia",5193112
1978,"51","VA","Virginia",5270240
1979,"51","VA","Virginia",5307945
1980,"51","VA","Virginia",5346818
1981,"51","VA","Virginia",5444097
1982,"51","VA","Virginia",5492783
1983,"51","VA","Virginia",5564657
1984,"51","VA","Virginia",5643870
1985,"51","VA","Virginia",5715153
1986,"51","VA","Virginia",5811700
1987,"51","VA","Virginia",5932268
1988,"51","VA","Virginia",6036909
1989,"51","VA","Virginia",6120246
1990,"51","VA","Virginia",6216884
1991,"51","VA","Virginia",6301217
1992,"51","VA","Virginia",6414307
1993,"51","VA","Virginia",6509630
1994,"51","VA","Virginia",6593139
1995,"51","VA","Virginia",6670693
1996,"51","VA","Virginia",6750884
1997,"51","VA","Virginia",6829183
1998,"51","VA","Virginia",6900918
1999,"51","VA","Virginia",7000174
2000,"51","VA","Virginia",7105817
2001,"51","VA","Virginia",7198362
2002,"51","VA","Virginia",7286873
2003,"51","VA","Virginia",7366977
2004,"51","VA","Virginia",7475575
2005,"51","VA","Virginia",7577105
2006,"51","VA","Virginia",7673725
2007,"51","VA","Virginia",7751000
2008,"51","VA","Virginia",7833496
2009,"51","VA","Virginia",7925937
2010,"51","VA","Virginia",8023699
2011,"51","VA","Virginia",8101155
2012,"51","VA","Virginia",8185080
2013,"51","VA","Virginia",8252427
2014,"51","VA","Virginia",8310993
2015,"51","VA","Virginia",8361808
2016,"51","VA","Virginia",8410106
2017,"51","VA","Virginia",8463587
2018,"51","VA","Virginia",8501286
2019,"51","VA","Virginia",8535519
2020,"51","VA","Virginia",8636471
2021,"51","VA","Virginia",8657365
2022,"51","VA","Virginia",8683619
1970,"53","WA","Washington",3413244
1971,"53","WA","Washington",3447553
1972,"53","WA","Washington",3447885
1973,"53","WA","Washington",3478782
1974,"53","WA","Washington",3549946
1975,"53","WA","Washington",3621339
1976,"53","WA","Washington",3693610
1977,"53","WA","Washington",3776050
1978,"53","WA","Washington",3889073
1979,"53","WA","Washington",4017632
1980,"53","WA","Washington",4132156
1981,"53","WA","Washington",4235731
1982,"53","WA","Washington",4276552
1983,"53","WA","Washington",4300266
1984,"53","WA","Washington",4343656
1985,"53","WA","Washington",4400098
1986,"53","WA","Washington",4452720
1987,"53","WA","Washington",4531901
1988,"53","WA","Washington",4639893
1989,"53","WA","Washington",4746316
1990,"53","WA","Washington",4903043
1991,"53","WA","Washington",5025624
1992,"53","WA","Washington",5160757
1993,"53","WA","Washington",5278842
1994,"53","WA","Washington",5375161
1995,"53","WA","Washington",5481027
1996,"53","WA","Washington",5569753
1997,"53","WA","Washington",5674747
1998,"53","WA","Washington",5769562
1999,"53","WA","Washington",5842564
2000,"53","WA","Washington",5910512
2001,"53","WA","Washington",5985722
2002,"53","WA","Washington",6052349
2003,"53","WA","Washington",6104115
2004,"53","WA","Washington",6178645
2005,"53","WA","Washington",6257305
2006,"53","WA","Washington",6370753
2007,"53","WA","Washington",6461587
2008,"53","WA","Washington",6562231
2009,"53","WA","Washington",6667426
2010,"53","WA","Washington",6742830
2011,"53","WA","Washington",6826627
2012,"53","WA","Washington",6897058
2013,"53","WA","Washington",6963985
2014,"53","WA","Washington",7054655
2015,"53","WA","Washington",7163657
2016,"53","WA","Washington",7294771
2017,"53","WA","Washington",7423362
2018,"53","WA","Washington",7523869
2019,"53","WA","Washington",7614893
2020,"53","WA","Washington",7724031
2021,"53","WA","Washington",7740745
2022,"53","WA","Washington",7785786
1970,"54","WV","West Virginia",1744237
1971,"54","WV","West Virginia",1770657
1972,"54","WV","West Virginia",1797648
1973,"54","WV","West Virginia",1806360
1974,"54","WV","West Virginia",1815447
1975,"54","WV","West Virginia",1842250
1976,"54","WV","West Virginia",1879503
1977,"54","WV","West Virginia",1908088
1978,"54","WV","West Virginia",1923395
1979,"54","WV","West Virginia",1942146
1980,"54","WV","West Virginia",1949644
1981,"54","WV","West Virginia",1954124
1982,"54","WV","West Virginia",1949604
1983,"54","WV","West Virginia",1945061
1984,"54","WV","West Virginia",1927697
1985,"54","WV","West Virginia",1906831
1986,"54","WV","West Virginia",1882350
1987,"54","WV","West Virginia",1857585
1988,"54","WV","West Virginia",1830215
1989,"54","WV","West Virginia",1806568
1990,"54","WV","West Virginia",1792548
1991,"54","WV","West Virginia",1798735
1992,"54","WV","West Virginia",1806451
1993,"54","WV","West Virginia",1817539
1994,"54","WV","West Virginia",1820421
1995,"54","WV","West Virginia",1823700
1996,"54","WV","West Virginia",1822808
1997,"54","WV","West Virginia",1819113
1998,"54","WV","West Virginia",1815609
1999,"54","WV","West Virginia",1811799
2000,"54","WV","West Virginia",1807021
2001,"54","WV","West Virginia",1801481
2002,"54","WV","West Virginia",1805414
2003,"54","WV","West Virginia",1812295
2004,"54","WV","West Virginia",1816438
2005,"54","WV","West Virginia",1820492
2006,"54","WV","West Virginia",1827912
2007,"54","WV","West Virginia",1834052
2008,"54","WV","West Virginia",1840310
2009,"54","WV","West Virginia",1847775
2010,"54","WV","West Virginia",1854239
2011,"54","WV","West Virginia",1856301
2012,"54","WV","West Virginia",1856872
2013,"54","WV","West Virginia",1853914
2014,"54","WV","West Virginia",1849489
2015,"54","WV","West Virginia",1842050
2016,"54","WV","West Virginia",1831023
2017,"54","WV","West Virginia",1817004
2018,"54","WV","West Virginia",1804291
2019,"54","WV","West Virginia",1792147
2020,"54","WV","West Virginia",1791420
2021,"54","WV","West Virginia",1785526
2022,"54","WV","West Virginia",1775156
1970,"55","WI","Wisconsin",4417821
1971,"55","WI","Wisconsin",4462155
1972,"55","WI","Wisconsin",4502412
1973,"55","WI","Wisconsin",4524244
1974,"55","WI","Wisconsin",4545782
1975,"55","WI","Wisconsin",4578986
1976,"55","WI","Wisconsin",4595904
1977,"55","WI","Wisconsin",4626514
1978,"55","WI","Wisconsin",4646108
1979,"55","WI","Wisconsin",4682811
1980,"55","WI","Wisconsin",4705767
1981,"55","WI","Wisconsin",4726343
1982,"55","WI","Wisconsin",4728870
1983,"55","WI","Wisconsin",4721438
1984,"55","WI","Wisconsin",4735563
1985,"55","WI","Wisconsin",4747767
1986,"55","WI","Wisconsin",4755618
1987,"55","WI","Wisconsin",4777919
1988,"55","WI","Wisconsin",4822388
1989,"55","WI","Wisconsin",4856574
1990,"55","WI","Wisconsin",4904562
1991,"55","WI","Wisconsin",4964343
1992,"55","WI","Wisconsin",5025398
1993,"55","WI","Wisconsin",5084889
1994,"55","WI","Wisconsin",5133678
1995,"55","WI","Wisconsin",5184836
1996,"55","WI","Wisconsin",5229986
1997,"55","WI","Wisconsin",5266213
1998,"55","WI","Wisconsin",5297672
1999,"55","WI","Wisconsin",5332666
2000,"55","WI","Wisconsin",5373999
2001,"55","WI","Wisconsin",5406835
2002,"55","WI","Wisconsin",5445162
2003,"55","WI","Wisconsin",5479203
2004,"55","WI","Wisconsin",5514026
2005,"55","WI","Wisconsin",5546166
2006,"55","WI","Wisconsin",5577655
2007,"55","WI","Wisconsin",5610775
2008,"55","WI","Wisconsin",5640996
2009,"55","WI","Wisconsin",5669264
2010,"55","WI","Wisconsin",5690475
2011,"55","WI","Wisconsin",5705288
2012,"55","WI","Wisconsin",5719960
2013,"55","WI","Wisconsin",5736754
2014,"55","WI","Wisconsin",5751525
2015,"55","WI","Wisconsin",5760940
2016,"55","WI","Wisconsin",5772628
2017,"55","WI","Wisconsin",5790186
2018,"55","WI","Wisconsin",5807406
2019,"55","WI","Wisconsin",5822434
2020,"55","WI","Wisconsin",5896271
2021,"55","WI","Wisconsin",5880101
2022,"55","WI","Wisconsin",5892539
1970,"56","WY","Wyoming",332416
1971,"56","WY","Wyoming",340285
1972,"56","WY","Wyoming",347345
1973,"56","WY","Wyoming",354061
1974,"56","WY","Wyoming",365501
1975,"56","WY","Wyoming",381695
1976,"56","WY","Wyoming",396952
1977,"56","WY","Wyoming",413354
1978,"56","WY","Wyoming",432880
1979,"56","WY","Wyoming",454378
1980,"56","WY","Wyoming",469557
1981,"56","WY","Wyoming",491712
1982,"56","WY","Wyoming",506400
1983,"56","WY","Wyoming",510345
1984,"56","WY","Wyoming",504896
1985,"56","WY","Wyoming",499695
1986,"56","WY","Wyoming",495633
1987,"56","WY","Wyoming",476965
1988,"56","WY","Wyoming",465101
1989,"56","WY","Wyoming",458374
1990,"56","WY","Wyoming",453690
1991,"56","WY","Wyoming",459260
1992,"56","WY","Wyoming",466251
1993,"56","WY","Wyoming",473081
1994,"56","WY","Wyoming",480283
1995,"56","WY","Wyoming",485160
1996,"56","WY","Wyoming",488167
1997,"56","WY","Wyoming",489451
1998,"56","WY","Wyoming",490787
1999,"56","WY","Wyoming",491780
2000,"56","WY","Wyoming",494300
2001,"56","WY","Wyoming",494657
2002,"56","WY","Wyoming",500017
2003,"56","WY","Wyoming",503453
2004,"56","WY","Wyoming",509106
2005,"56","WY","Wyoming",514157
2006,"56","WY","Wyoming",522667
2007,"56","WY","Wyoming",534876
2008,"56","WY","Wyoming",546043
2009,"56","WY","Wyoming",559851
2010,"56","WY","Wyoming",564487
2011,"56","WY","Wyoming",567299
2012,"56","WY","Wyoming",576305
2013,"56","WY","Wyoming",582122
2014,"56","WY","Wyoming",582531
2015,"56","WY","Wyoming",585613
2016,"56","WY","Wyoming",584215
2017,"56","WY","Wyoming",578931
2018,"56","WY","Wyoming",577601
2019,"56","WY","Wyoming",578759
2020,"56","WY","Wyoming",577605
2021,"56","WY","Wyoming",579483
2022,"56","WY","Wyoming",581381
2000,"72","PR","Puerto Rico",3810605
2001,"72","PR","Puerto Rico",3818774
2002,"72","PR","Puerto Rico",3823701
2003,"72","PR","Puerto Rico",3826095
2004,"72","PR","Puerto Rico",3826878
2005,"72","PR","Puerto Rico",3821362
2006,"72","PR","Puerto Rico",3805214
2007,"72","PR","Puerto Rico",3782995
2008,"72","PR","Puerto Rico",3760866
2009,"72","PR","Puerto Rico",3740410
2010,"72","PR","Puerto Rico",3721525
2011,"72","PR","Puerto Rico",3678732
2012,"72","PR","Puerto Rico",3634488
2013,"72","PR","Puerto Rico",3593077
2014,"72","PR","Puerto Rico",3534874
2015,"72","PR","Puerto Rico",3473232
2016,"72","PR","Puerto Rico",3406672
2017,"72","PR","Puerto Rico",3325286
2018,"72","PR","Puerto Rico",3193354
2019,"72","PR","Puerto Rico",3193694
